customer_id,true_offer,recommendation_1,confidence_1,recommendation_2,confidence_2,recommendation_3,confidence_3,hit_in_topk
C04655,Device Upgrade Offer,Device Upgrade Offer,0.8345511737772933,General Offer,0.16184855910810347,Data Booster,0.0036002670761896465,True
C03384,General Offer,General Offer,0.9991963593820384,"General Offer""",0.0008036405784649112,Top-up Promo,5.642394220523117e-12,True
C02486,Data Booster,Data Booster,0.9736805783741271,General Offer,0.0149832188145803,Device Upgrade Offer,0.011336202775798266,True
C00015,Device Upgrade Offer,Device Upgrade Offer,0.9573300837183417,General Offer,0.04266991624002303,Top-up Promo,5.947898705239971e-12,True
C00132,Data Booster,Data Booster,0.9834660010845833,Device Upgrade Offer,0.016533998874853153,Top-up Promo,5.794802191479708e-12,True
C05456,Streaming Partner Pack,Roaming Pass,0.9243547750881311,General Offer,0.0696916071327871,Device Upgrade Offer,0.002095682802285752,False
C05966,General Offer,General Offer,0.9926017065104424,Roaming Pass,0.004631967262262779,Family Plan Offer,0.0019475023332046672,True
C05143,Streaming Partner Pack,General Offer,0.32545009671213243,Device Upgrade Offer,0.2897000589756448,Roaming Pass,0.24623335849181704,False
C02227,Top-up Promo,Streaming Partner Pack,0.8192253500717385,"General Offer""",0.17859929017214,General Offer,0.002175359717591799,False
C01375,General Offer,General Offer,0.9937498091682543,"General Offer""",0.004617616746060025,Roaming Pass,0.0008162870285149008,True
C04481,General Offer,General Offer,0.9999999999550127,Top-up Promo,5.623413251650514e-12,Streaming Partner Pack,5.623413251650514e-12,True
C03255,General Offer,General Offer,0.9991963593820384,Roaming Pass,0.0008036405784649112,Top-up Promo,5.642394220523117e-12,True
C05056,General Offer,General Offer,0.9549090178843748,Streaming Partner Pack,0.0450909820739072,Top-up Promo,5.9597385856578924e-12,True
C04837,Roaming Pass,Retention Offer,0.5563439993875025,Data Booster,0.1923636536700926,"General Offer""",0.16185480809659322,False
C00070,Voice Bundle,Top-up Promo,0.6722567235558824,General Offer,0.2865369961222834,Data Booster,0.02246065810444908,False
C00198,General Offer,General Offer,0.6938640001903799,Device Upgrade Offer,0.3029395553068635,Data Booster,0.0022503069470464314,True
C04141,General Offer,General Offer,0.6943566464139982,Device Upgrade Offer,0.2975660129681381,Roaming Pass,0.007124458124604595,True
C06400,General Offer,General Offer,0.9991963593820384,"General Offer""",0.0008036405784649112,Top-up Promo,5.642394220523117e-12,True
C06268,General Offer,General Offer,0.9999999999550127,Top-up Promo,5.623413251650514e-12,Streaming Partner Pack,5.623413251650514e-12,True
C00162,General Offer,General Offer,0.9980827280717024,Roaming Pass,0.0019172718886793763,Top-up Promo,5.659756910892866e-12,True
C00358,General Offer,General Offer,0.5488273105194509,Device Upgrade Offer,0.42103267379169057,Roaming Pass,0.02915246097997529,True
C07272,Retention Offer,"General Offer""",0.9959859041715512,General Offer,0.0032028759737511084,Retention Offer,0.0008112198205240613,True
C09342,General Offer,General Offer,0.9690208528852677,Device Upgrade Offer,0.02097766082362961,Data Booster,0.007980257993271504,True
C03609,General Offer,General Offer,0.9999999999550127,Top-up Promo,5.623413251650514e-12,Streaming Partner Pack,5.623413251650514e-12,True
C06866,General Offer,General Offer,0.9774930735015495,Device Upgrade Offer,0.02250692645760402,Top-up Promo,5.835226464962209e-12,True
C09513,General Offer,General Offer,0.9999999999550127,Top-up Promo,5.623413251650514e-12,Streaming Partner Pack,5.623413251650514e-12,True
C01130,Data Booster,Data Booster,0.7610610341775695,Retention Offer,0.2343109571409426,Device Upgrade Offer,0.0036927214662459823,True
C04797,General Offer,General Offer,0.9296831504356834,Device Upgrade Offer,0.06649171338909202,"General Offer""",0.0020778660434091264,True
C04788,Device Upgrade Offer,Device Upgrade Offer,0.5973013458707142,Data Booster,0.1954196715870816,Family Plan Offer,0.11772107119390986,True
C01448,General Offer,General Offer,0.9959859041715512,"General Offer""",0.0032028759737511084,Retention Offer,0.0008112198205240613,True
C05035,Device Upgrade Offer,Device Upgrade Offer,0.7195923930341831,General Offer,0.2785293867115007,Retention Offer,0.0009391101106742693,True
C03054,Data Booster,Data Booster,0.8548160196354655,Device Upgrade Offer,0.13385779166453282,General Offer,0.010411756582430258,True
C09025,Data Booster,Data Booster,0.8782260125098744,General Offer,0.06224184971911114,Device Upgrade Offer,0.05430023113766165,True
C06950,General Offer,General Offer,0.9991963593820383,Device Upgrade Offer,0.0008036405784649111,Top-up Promo,5.642394220523117e-12,True
C08937,General Offer,General Offer,0.9999999999550127,Top-up Promo,5.623413251650514e-12,Streaming Partner Pack,5.623413251650514e-12,True
C07770,Retention Offer,"General Offer""",0.48469295614990454,General Offer,0.3767805951059616,Streaming Partner Pack,0.13749234046616585,False
C08267,General Offer,General Offer,0.9991963593820384,"General Offer""",0.0008036405784649112,Top-up Promo,5.642394220523117e-12,True
C06057,Data Booster,Data Booster,0.7235226471274461,General Offer,0.2727003955651975,Roaming Pass,0.0009442393218669268,True
C02590,General Offer,General Offer,0.9972673818032946,Roaming Pass,0.001923771770036698,Device Upgrade Offer,0.0008088463925950758,True
C04138,Data Booster,Data Booster,0.9964465009984514,Device Upgrade Offer,0.0019303090296732407,Roaming Pass,0.0008115949716920517,True
C03511,General Offer,General Offer,0.9991963593820384,Retention Offer,0.0008036405784649112,Top-up Promo,5.642394220523117e-12,True
C07164,Retention Offer,"General Offer""",0.9991963593820384,General Offer,0.0008036405784649112,Top-up Promo,5.642394220523117e-12,False
C04279,General Offer,General Offer,0.9983872809561679,Roaming Pass,0.0008063595049316077,Family Plan Offer,0.0008063595049316077,True
C08688,General Offer,General Offer,0.9686975054408384,Data Booster,0.02507823692803224,Device Upgrade Offer,0.003354165562304652,True
C00053,Device Upgrade Offer,General Offer,0.6450453287334251,Device Upgrade Offer,0.29082950114000145,Top-up Promo,0.025196073382993647,True
C01346,General Offer,General Offer,0.9999999999550127,Top-up Promo,5.623413251650514e-12,Streaming Partner Pack,5.623413251650514e-12,True
C06811,General Offer,General Offer,0.9983872809561679,"General Offer""",0.0008063595049316077,Data Booster,0.0008063595049316077,True
C01800,General Offer,General Offer,0.9991963593820383,Top-up Promo,0.0008036405784649111,Streaming Partner Pack,5.642394220523117e-12,True
C00653,Device Upgrade Offer,General Offer,0.49230044392345623,Device Upgrade Offer,0.4617264289260912,Roaming Pass,0.027684088402771347,True
C06746,Retention Offer,"General Offer""",0.9810395849012795,Roaming Pass,0.01483299977318638,Device Upgrade Offer,0.0032932944213519655,False
C05086,General Offer,General Offer,0.902717965323915,Device Upgrade Offer,0.0561704116855922,Roaming Pass,0.036203028561384354,True
C09232,General Offer,General Offer,0.9991963593820384,"General Offer""",0.0008036405784649112,Top-up Promo,5.642394220523117e-12,True
C08032,General Offer,General Offer,0.9991963593820383,Device Upgrade Offer,0.0008036405784649111,Top-up Promo,5.642394220523117e-12,True
C07789,General Offer,General Offer,0.8205840029665552,Device Upgrade Offer,0.1732840591908716,Data Booster,0.005210791337680733,True
C08419,General Offer,General Offer,0.9834660010845833,"General Offer""",0.016533998874853153,Top-up Promo,5.794802191479708e-12,True
C03392,Device Upgrade Offer,Device Upgrade Offer,0.7937160582290683,Family Plan Offer,0.1113109282776792,Data Booster,0.03747942042967783,True
C00933,General Offer,General Offer,0.9999999999550127,Top-up Promo,5.623413251650514e-12,Streaming Partner Pack,5.623413251650514e-12,True
C05675,General Offer,General Offer,0.988985226890612,Streaming Partner Pack,0.009369062111765152,Retention Offer,0.0008228554843682531,True
C08843,General Offer,General Offer,0.9999999999550127,Top-up Promo,5.623413251650514e-12,Streaming Partner Pack,5.623413251650514e-12,True
C03390,General Offer,General Offer,0.9709119975526003,Device Upgrade Offer,0.024912140331291188,Data Booster,0.0033319504645526205,True
C08723,General Offer,General Offer,0.9999999999550127,Top-up Promo,5.623413251650514e-12,Streaming Partner Pack,5.623413251650514e-12,True
C07702,General Offer,General Offer,0.9999999999550127,Top-up Promo,5.623413251650514e-12,Streaming Partner Pack,5.623413251650514e-12,True
C08470,General Offer,General Offer,0.9621358598125216,Device Upgrade Offer,0.035848245181653145,"General Offer""",0.0020158949701199382,True
C03555,General Offer,General Offer,0.9754107359334496,Retention Offer,0.024589264025612092,Top-up Promo,5.848345546387674e-12,True
C08004,General Offer,General Offer,0.9968079659739276,Top-up Promo,0.003192033986338065,Streaming Partner Pack,5.6763283140494455e-12,True
C00489,Device Upgrade Offer,Device Upgrade Offer,0.9401488670694456,General Offer,0.04627235492361607,Data Booster,0.01357877797024309,True
C05457,General Offer,General Offer,0.9991963593820384,Retention Offer,0.0008036405784649112,Top-up Promo,5.642394220523117e-12,True
C05681,General Offer,General Offer,0.9999999999550127,Top-up Promo,5.623413251650514e-12,Streaming Partner Pack,5.623413251650514e-12,True
C02630,General Offer,General Offer,0.9819361257036373,Roaming Pass,0.014781920669815544,Data Booster,0.0032819535915298735,True
C00905,General Offer,General Offer,0.9999999999550127,Top-up Promo,5.623413251650514e-12,Streaming Partner Pack,5.623413251650514e-12,True
C04004,Device Upgrade Offer,Device Upgrade Offer,0.9692342494812601,General Offer,0.029080843824973748,Retention Offer,0.0008424533320958151,True
C08722,General Offer,General Offer,0.9999999999550127,Top-up Promo,5.623413251650514e-12,Streaming Partner Pack,5.623413251650514e-12,True
C08480,General Offer,General Offer,0.9999999999550127,Top-up Promo,5.623413251650514e-12,Streaming Partner Pack,5.623413251650514e-12,True
C07363,General Offer,General Offer,0.9972673818032946,Data Booster,0.001923771770036698,"General Offer""",0.0008088463925950758,True
C01709,General Offer,General Offer,0.9991963593820384,Roaming Pass,0.0008036405784649112,Top-up Promo,5.642394220523117e-12,True
C08141,General Offer,General Offer,0.9991963593820384,Roaming Pass,0.0008036405784649112,Top-up Promo,5.642394220523117e-12,True
C00710,Device Upgrade Offer,Device Upgrade Offer,0.6552538802449671,General Offer,0.31384996434849954,Data Booster,0.02893572979243316,True
C06244,General Offer,General Offer,0.9753314824233522,Device Upgrade Offer,0.009652546290464765,Data Booster,0.009652546290464765,True
C06524,General Offer,General Offer,0.9948518197013417,"General Offer""",0.0032127907968834716,Roaming Pass,0.0019353894674954497,True
C08262,General Offer,General Offer,0.9800177935675383,Device Upgrade Offer,0.016692342071746254,Data Booster,0.0032898643256137447,True
C04232,Device Upgrade Offer,Device Upgrade Offer,0.5188688009034716,General Offer,0.41743240067941123,Family Plan Offer,0.0281685496985711,True
C09470,General Offer,General Offer,0.9980827280717023,Device Upgrade Offer,0.001917271888679376,Top-up Promo,5.659756910892866e-12,True
C06688,General Offer,General Offer,0.6063054833699959,Device Upgrade Offer,0.3177608431425337,Data Booster,0.0684784439623093,True
C08894,General Offer,General Offer,0.7267502681631458,Device Upgrade Offer,0.268585322309607,Data Booster,0.0037217659633021504,True
C09272,Device Upgrade Offer,Device Upgrade Offer,0.8175709972624894,General Offer,0.1679647402905386,Data Booster,0.014464262407883725,True
C04869,General Offer,General Offer,0.9563313575901646,Device Upgrade Offer,0.04281853840526577,Retention Offer,0.000850103968757986,True
C01352,General Offer,General Offer,0.9972673818032946,Device Upgrade Offer,0.001923771770036698,Retention Offer,0.0008088463925950758,True
C03278,General Offer,General Offer,0.9999999999550127,Top-up Promo,5.623413251650514e-12,Streaming Partner Pack,5.623413251650514e-12,True
C09852,General Offer,General Offer,0.9972673818032946,Roaming Pass,0.001923771770036698,"General Offer""",0.0008088463925950758,True
C09909,Device Upgrade Offer,Device Upgrade Offer,0.9489393045746318,General Offer,0.050205559514445934,Family Plan Offer,0.000855135874898573,True
C02194,Top-up Promo,Streaming Partner Pack,0.9853581279583375,General Offer,0.014641872001196007,Top-up Promo,5.780936172525238e-12,True
C01412,Streaming Partner Pack,Roaming Pass,0.9806290380557303,General Offer,0.018540819925814245,Data Booster,0.0008301419834847825,False
C03604,Retention Offer,"General Offer""",0.8358568604753056,Device Upgrade Offer,0.049408465302512916,Data Booster,0.049408465302512916,False
C00580,Device Upgrade Offer,Device Upgrade Offer,0.9490674993674757,General Offer,0.04802982255133978,Data Booster,0.0020434944656462914,True
C01617,General Offer,General Offer,0.9999999999550127,Top-up Promo,5.623413251650514e-12,Streaming Partner Pack,5.623413251650514e-12,True
C04281,General Offer,General Offer,0.9999999999550127,Top-up Promo,5.623413251650514e-12,Streaming Partner Pack,5.623413251650514e-12,True
C05469,Data Booster,Data Booster,0.91935789262027,Device Upgrade Offer,0.07032381150831085,General Offer,0.0050296175821276465,True
C02272,Device Upgrade Offer,Device Upgrade Offer,0.7480501876301413,General Offer,0.24653066240613417,"General Offer""",0.0022389034891189923,True
C04537,General Offer,General Offer,0.9991963593820384,Roaming Pass,0.0008036405784649112,Top-up Promo,5.642394220523117e-12,True
C04360,Device Upgrade Offer,Device Upgrade Offer,0.9816946088179538,General Offer,0.011230041167326564,Data Booster,0.0062406721817957235,True
C08555,General Offer,General Offer,0.6375883658897924,Device Upgrade Offer,0.3591893483574932,Data Booster,0.0022684992679986777,True
C04108,General Offer,General Offer,0.9991963593820384,Roaming Pass,0.0008036405784649112,Top-up Promo,5.642394220523117e-12,True
C03154,General Offer,General Offer,0.9991963593820384,Retention Offer,0.0008036405784649112,Top-up Promo,5.642394220523117e-12,True
C00978,General Offer,General Offer,0.9999999999550127,Top-up Promo,5.623413251650514e-12,Streaming Partner Pack,5.623413251650514e-12,True
C07433,Data Booster,Data Booster,0.8902422971526304,Device Upgrade Offer,0.0938476591575375,General Offer,0.014100897652143358,True
C00323,Device Upgrade Offer,Device Upgrade Offer,0.8949706398153071,"General Offer""",0.08536681926833012,General Offer,0.016090131901831575,True
C05152,General Offer,General Offer,0.9999999999550127,Top-up Promo,5.623413251650514e-12,Streaming Partner Pack,5.623413251650514e-12,True
C01967,General Offer,General Offer,0.9968079659739277,Roaming Pass,0.003192033986338065,Top-up Promo,5.676328314049446e-12,True
C09637,Device Upgrade Offer,Device Upgrade Offer,0.940605900283246,General Offer,0.04389635071019705,Data Booster,0.015497748969843754,True
C08097,General Offer,General Offer,0.9749600129454665,Device Upgrade Offer,0.0187598912747853,Data Booster,0.006280095744364305,True
C05764,Top-up Promo,Streaming Partner Pack,0.9954136841446093,General Offer,0.004586315815544418,Top-up Promo,5.692336120608429e-12,True
C06377,General Offer,General Offer,0.9983872809561679,Retention Offer,0.0008063595049316077,Family Plan Offer,0.0008063595049316077,True
C06075,Data Booster,Data Booster,0.9863280678609226,Device Upgrade Offer,0.012847748644534977,General Offer,0.0008241834598225462,True
C01141,General Offer,General Offer,0.9999999999550127,Top-up Promo,5.623413251650514e-12,Streaming Partner Pack,5.623413251650514e-12,True
C02482,Streaming Partner Pack,Roaming Pass,0.9481287504541913,General Offer,0.046017885904875835,Device Upgrade Offer,0.0020603931883110835,False
C03837,General Offer,General Offer,0.6898169725310204,Device Upgrade Offer,0.305058710774503,Data Booster,0.002266048537034144,True
C02160,General Offer,General Offer,0.9983872809561679,Retention Offer,0.0008063595049316077,"General Offer""",0.0008063595049316077,True
C09753,General Offer,General Offer,0.9980827280717024,Roaming Pass,0.0019172718886793763,Top-up Promo,5.659756910892866e-12,True
C09745,General Offer,General Offer,0.9689140253118121,"General Offer""",0.031085974646980766,Top-up Promo,5.8867477365695434e-12,True
C05863,General Offer,General Offer,0.9991963593820384,Retention Offer,0.0008036405784649112,Top-up Promo,5.642394220523117e-12,True
C05709,Data Booster,Data Booster,0.9592374013412868,General Offer,0.02741007443412071,Device Upgrade Offer,0.01335252418850864,True
C05910,Device Upgrade Offer,Device Upgrade Offer,0.9066975134595934,General Offer,0.07377520408207808,Data Booster,0.01597944801616966,True
C02990,General Offer,General Offer,0.9999999999550127,Top-up Promo,5.623413251650514e-12,Streaming Partner Pack,5.623413251650514e-12,True
C06202,General Offer,General Offer,0.7282312387014033,Device Upgrade Offer,0.2654809334035969,Data Booster,0.005343263413502427,True
C06766,General Offer,General Offer,0.9501703697297836,Device Upgrade Offer,0.03248804829088179,Family Plan Offer,0.006551571666693129,True
C07847,General Offer,General Offer,0.9991963593820384,Roaming Pass,0.0008036405784649112,Top-up Promo,5.642394220523117e-12,True
C07557,Top-up Promo,Streaming Partner Pack,0.9774930735015495,"General Offer""",0.02250692645760402,Top-up Promo,5.835226464962209e-12,True
C06671,General Offer,General Offer,0.9991963593820384,"General Offer""",0.0008036405784649112,Top-up Promo,5.642394220523117e-12,True
C06604,Data Booster,Data Booster,0.9794204496802833,Device Upgrade Offer,0.01859893958555569,General Offer,0.00198061069908064,True
C04262,Device Upgrade Offer,Device Upgrade Offer,0.977410840740502,General Offer,0.020603939547305695,Data Booster,0.001985219677030273,True
C00043,General Offer,General Offer,0.9999999999550127,Top-up Promo,5.623413251650514e-12,Streaming Partner Pack,5.623413251650514e-12,True
C06463,General Offer,General Offer,0.9991963593820384,"General Offer""",0.0008036405784649112,Top-up Promo,5.642394220523117e-12,True
C00599,General Offer,General Offer,0.9999999999550127,Top-up Promo,5.623413251650514e-12,Streaming Partner Pack,5.623413251650514e-12,True
C02584,General Offer,General Offer,0.9980827280717024,"General Offer""",0.0019172718886793763,Top-up Promo,5.659756910892866e-12,True
C07052,Retention Offer,"General Offer""",0.9349052982787917,General Offer,0.06336226034467968,Streaming Partner Pack,0.000866220673059881,False
C00893,Retention Offer,"General Offer""",0.8532335893916272,General Offer,0.06761623016477844,Device Upgrade Offer,0.03570590265944698,False
C08551,Data Booster,Data Booster,0.9316676314786934,General Offer,0.054398772284141625,Device Upgrade Offer,0.010063682879868958,True
C03351,General Offer,General Offer,0.9999999999550127,Top-up Promo,5.623413251650514e-12,Streaming Partner Pack,5.623413251650514e-12,True
C02528,General Offer,General Offer,0.7363327013514332,Device Upgrade Offer,0.2599646480676712,Data Booster,0.003702650541389529,True
C06148,Device Upgrade Offer,Device Upgrade Offer,0.8757441552693374,General Offer,0.12425584468692943,Top-up Promo,6.2476143661208e-12,True
C02399,General Offer,General Offer,0.9980827280717024,"General Offer""",0.0019172718886793763,Top-up Promo,5.659756910892866e-12,True
C09460,General Offer,General Offer,0.9999999999550127,Top-up Promo,5.623413251650514e-12,Streaming Partner Pack,5.623413251650514e-12,True
C07109,General Offer,General Offer,0.9999999999550127,Top-up Promo,5.623413251650514e-12,Streaming Partner Pack,5.623413251650514e-12,True
C07287,General Offer,General Offer,0.9972673818032946,"General Offer""",0.001923771770036698,Streaming Partner Pack,0.0008088463925950758,True
C05911,General Offer,General Offer,0.9954136841446093,Roaming Pass,0.004586315815544418,Top-up Promo,5.692336120608429e-12,True
C00245,General Offer,General Offer,0.6842150737032626,Device Upgrade Offer,0.16844286779306852,Data Booster,0.09928808413693453,True
C08303,Retention Offer,General Offer,0.4986784962327854,"General Offer""",0.3522029004822217,Streaming Partner Pack,0.1480830782287305,False
C03803,General Offer,General Offer,0.829626916800543,Roaming Pass,0.15311907253812468,Device Upgrade Offer,0.008793329320289926,True
C00458,Top-up Promo,Streaming Partner Pack,0.9853581279583375,General Offer,0.014641872001196007,Top-up Promo,5.780936172525238e-12,True
C00770,General Offer,General Offer,0.9983872809561679,Streaming Partner Pack,0.0008063595049316077,Roaming Pass,0.0008063595049316077,True
C03584,General Offer,General Offer,0.9999999999550127,Top-up Promo,5.623413251650514e-12,Streaming Partner Pack,5.623413251650514e-12,True
C00759,Data Booster,Data Booster,0.9514704882576324,General Offer,0.03872204726228996,Device Upgrade Offer,0.009807464443791814,True
C00635,General Offer,General Offer,0.9999999999550127,Top-up Promo,5.623413251650514e-12,Streaming Partner Pack,5.623413251650514e-12,True
C05696,General Offer,General Offer,0.9983872809561679,Roaming Pass,0.0008063595049316077,"General Offer""",0.0008063595049316077,True
C06092,Device Upgrade Offer,Device Upgrade Offer,0.9573783940910913,General Offer,0.027607704111514142,Data Booster,0.011607609710378738,True
C08629,General Offer,General Offer,0.9412632653760847,Device Upgrade Offer,0.0578767188380502,Roaming Pass,0.0008600157496359246,True
C09555,Device Upgrade Offer,Device Upgrade Offer,0.9383277872085961,General Offer,0.05350818328380601,Data Booster,0.008164029470973612,True
C00619,Retention Offer,"General Offer""",0.9951582562035969,General Offer,0.0032137804079539626,Device Upgrade Offer,0.0008139816799371174,False
C04134,General Offer,General Offer,0.9999999999550127,Top-up Promo,5.623413251650514e-12,Streaming Partner Pack,5.623413251650514e-12,True
C09881,Device Upgrade Offer,Device Upgrade Offer,0.9309705666999738,General Offer,0.06399310151586697,Roaming Pass,0.0020807434522747688,True
C07118,Top-up Promo,Streaming Partner Pack,0.9535394102790874,General Offer,0.043083426764809335,"General Offer""",0.0033771629200701286,False
C01969,General Offer,General Offer,0.9972673818032946,Roaming Pass,0.001923771770036698,Family Plan Offer,0.0008088463925950758,True
C03910,General Offer,General Offer,0.9906516390406045,Roaming Pass,0.007706930828082063,Top-up Promo,0.0008207150512510079,True
C04543,General Offer,General Offer,0.9999999999550127,Top-up Promo,5.623413251650514e-12,Streaming Partner Pack,5.623413251650514e-12,True
C08631,Data Booster,Data Booster,0.7808269531048643,General Offer,0.18157869455528478,Device Upgrade Offer,0.030887655750788518,True
C05123,Top-up Promo,Streaming Partner Pack,0.9370800376732541,"General Offer""",0.06291996228447067,Top-up Promo,6.039318094108068e-12,True
C04499,General Offer,General Offer,0.9983872809561679,Roaming Pass,0.0008063595049316077,"General Offer""",0.0008063595049316077,True
C00486,General Offer,General Offer,0.9999999999550127,Top-up Promo,5.623413251650514e-12,Streaming Partner Pack,5.623413251650514e-12,True
C04161,General Offer,General Offer,0.9991963593820384,"General Offer""",0.0008036405784649112,Top-up Promo,5.642394220523117e-12,True
C00549,Device Upgrade Offer,Device Upgrade Offer,0.5931735518760755,General Offer,0.39582390248805793,Data Booster,0.011002545595159105,True
C01178,General Offer,General Offer,0.9714192105984074,Data Booster,0.026899566467842577,Retention Offer,0.0008406114521200805,True
C03725,Top-up Promo,Streaming Partner Pack,0.9514357697985238,"General Offer""",0.04771075424748129,General Offer,0.00085347591804124,False
C03348,General Offer,General Offer,0.9999999999550127,Top-up Promo,5.623413251650514e-12,Streaming Partner Pack,5.623413251650514e-12,True
C01978,General Offer,General Offer,0.9991963593820384,Roaming Pass,0.0008036405784649112,Top-up Promo,5.642394220523117e-12,True
C03698,Retention Offer,"General Offer""",0.8051125216553672,General Offer,0.19270219108154724,Retention Offer,0.0021852872243800663,True
C05381,Data Booster,Data Booster,0.9334788549265254,"General Offer""",0.039621774104297784,Device Upgrade Offer,0.026017997822565277,True
C09658,Device Upgrade Offer,Device Upgrade Offer,0.9370800376732541,General Offer,0.06291996228447067,Top-up Promo,6.039318094108068e-12,True
C07429,General Offer,General Offer,0.9806290380557303,Streaming Partner Pack,0.018540819925814245,"General Offer""",0.0008301419834847825,True
C08662,General Offer,General Offer,0.9980827280717024,Roaming Pass,0.0019172718886793763,Top-up Promo,5.659756910892866e-12,True
C01841,Device Upgrade Offer,Device Upgrade Offer,0.7893912685722099,"General Offer""",0.1999358852676485,General Offer,0.008798856559235162,True
C00731,General Offer,General Offer,0.9999999999550127,Top-up Promo,5.623413251650514e-12,Streaming Partner Pack,5.623413251650514e-12,True
C04604,General Offer,General Offer,0.9999999999550127,Top-up Promo,5.623413251650514e-12,Streaming Partner Pack,5.623413251650514e-12,True
C08150,General Offer,General Offer,0.8848676860855936,Device Upgrade Offer,0.10532289458962228,Roaming Pass,0.006756466838127673,True
C07209,Data Booster,Data Booster,0.7012142431004831,General Offer,0.17286656986443252,Device Upgrade Offer,0.11491178380381752,True
C07473,Streaming Partner Pack,Device Upgrade Offer,0.7390422585968435,General Offer,0.13982688057456344,Roaming Pass,0.11026103350855702,False
C01126,General Offer,General Offer,0.9544995314255477,Device Upgrade Offer,0.03218509069812674,Data Booster,0.008151793486123276,True
C04586,General Offer,General Offer,0.9711473370343323,Roaming Pass,0.022961361127649974,"General Offer""",0.0033476431170203955,True
C07621,General Offer,General Offer,0.9710688438790637,Streaming Partner Pack,0.024916164771925514,Retention Offer,0.0020074956596902185,True
C02506,General Offer,General Offer,0.9983872809561679,Roaming Pass,0.0008063595049316077,"General Offer""",0.0008063595049316077,True
C06566,Retention Offer,"General Offer""",0.9701666645712287,General Offer,0.026984441037035133,Roaming Pass,0.0020056305797258502,False
C06047,General Offer,General Offer,0.7998553044181088,Device Upgrade Offer,0.19237257005630454,Data Booster,0.003685290941074647,True
C05311,General Offer,General Offer,0.9953133169280172,Roaming Pass,0.0019362872663978572,Data Booster,0.0019362872663978572,True
C03046,Data Booster,Data Booster,0.9570251481617522,General Offer,0.03405470697529666,Device Upgrade Offer,0.008061655018951648,True
C00773,Device Upgrade Offer,Roaming Pass,0.741542061444631,Device Upgrade Offer,0.23012328471455792,General Offer,0.026047024902780845,True
C02893,General Offer,General Offer,0.9999999999550127,Top-up Promo,5.623413251650514e-12,Streaming Partner Pack,5.623413251650514e-12,True
C03466,General Offer,General Offer,0.9959859041715512,Roaming Pass,0.0032028759737511084,"General Offer""",0.0008112198205240613,True
C01049,Streaming Partner Pack,Roaming Pass,0.862157810500602,General Offer,0.1274462010221004,Data Booster,0.008570610878362736,False
C04291,General Offer,General Offer,0.9991963593820384,Roaming Pass,0.0008036405784649112,Top-up Promo,5.642394220523117e-12,True
C07226,Data Booster,Data Booster,0.8309934112275325,General Offer,0.16289707497678055,Roaming Pass,0.005191735855992709,True
C06223,General Offer,General Offer,0.9580309280415604,Device Upgrade Offer,0.03393561026324419,"General Offer""",0.008033461659156924,True
C01964,General Offer,General Offer,0.9834634135064536,Device Upgrade Offer,0.009479346255116573,Data Booster,0.0062246988127221,True
C06999,General Offer,General Offer,0.9983872809561679,Streaming Partner Pack,0.0008063595049316077,"General Offer""",0.0008063595049316077,True
C09693,General Offer,General Offer,0.9983872809561679,"General Offer""",0.0008063595049316077,Device Upgrade Offer,0.0008063595049316077,True
C02005,General Offer,General Offer,0.9620706138389488,Device Upgrade Offer,0.03792938611958431,Top-up Promo,5.923839233898276e-12,True
C01826,General Offer,General Offer,0.9975727178537511,Roaming Pass,0.0008090940392818595,Retention Offer,0.0008090940392818595,True
C00351,Retention Offer,"General Offer""",0.972158932449193,Streaming Partner Pack,0.017003197062600867,General Offer,0.007970375727532428,False
C08808,General Offer,General Offer,0.9980827280717024,Roaming Pass,0.0019172718886793763,Top-up Promo,5.659756910892866e-12,True
C03597,Streaming Partner Pack,Roaming Pass,0.941402651611735,General Offer,0.053433254869267505,Data Booster,0.0034277448980499455,False
C01202,Data Booster,Data Booster,0.9145121606767714,General Offer,0.07799072873742603,Device Upgrade Offer,0.006612677730335191,True
C07469,General Offer,General Offer,0.9999999999550127,Top-up Promo,5.623413251650514e-12,Streaming Partner Pack,5.623413251650514e-12,True
C01814,Retention Offer,"General Offer""",0.9980827280717024,General Offer,0.0019172718886793763,Top-up Promo,5.659756910892866e-12,False
C04114,Streaming Partner Pack,Roaming Pass,0.9163578818370457,General Offer,0.07777115351690017,Data Booster,0.004989021824241115,False
C04716,Retention Offer,"General Offer""",0.9333196540858499,General Offer,0.06581559435643818,Retention Offer,0.0008647515212831478,True
C08548,Device Upgrade Offer,Device Upgrade Offer,0.8398743468502603,General Offer,0.15796611035390742,Data Booster,0.0021595427575825535,True
C03610,Device Upgrade Offer,Device Upgrade Offer,0.9587976442159376,General Offer,0.02968929646975266,Data Booster,0.009792899662803214,True
C01694,Device Upgrade Offer,Device Upgrade Offer,0.836187284129207,Roaming Pass,0.11678674651748626,Data Booster,0.028014657114797916,True
C03414,General Offer,General Offer,0.9968079659739276,Device Upgrade Offer,0.003192033986338065,Top-up Promo,5.6763283140494455e-12,True
C06252,Data Booster,Data Booster,0.9739638584344318,Device Upgrade Offer,0.022723218350884592,General Offer,0.003312923179335745,True
C02883,Top-up Promo,Streaming Partner Pack,0.9815227924214093,General Offer,0.01847720753793157,Top-up Promo,5.808464611346175e-12,True
C05263,General Offer,General Offer,0.9999999999550127,Top-up Promo,5.623413251650514e-12,Streaming Partner Pack,5.623413251650514e-12,True
C01434,General Offer,General Offer,0.9999999999550127,Top-up Promo,5.623413251650514e-12,Streaming Partner Pack,5.623413251650514e-12,True
C03198,General Offer,General Offer,0.9451893239820844,Device Upgrade Offer,0.05070266503684096,Roaming Pass,0.0020540054753788797,True
C09561,General Offer,General Offer,0.9991963593820384,"General Offer""",0.0008036405784649112,Top-up Promo,5.642394220523117e-12,True
C06523,General Offer,General Offer,0.8777652581000683,Device Upgrade Offer,0.09782101358288306,Data Booster,0.022583941277007146,True
C03989,General Offer,General Offer,0.9991963593820384,Retention Offer,0.0008036405784649112,Top-up Promo,5.642394220523117e-12,True
C08819,General Offer,General Offer,0.9999999999550127,Top-up Promo,5.623413251650514e-12,Streaming Partner Pack,5.623413251650514e-12,True
C00760,Device Upgrade Offer,Device Upgrade Offer,0.7400635650316723,"General Offer""",0.21582439437982945,General Offer,0.03625472231217715,True
C05208,Data Booster,Data Booster,0.9760292441086146,General Offer,0.02066541331140646,Device Upgrade Offer,0.003305342544712034,True
C06680,Streaming Partner Pack,Roaming Pass,0.895963781429967,General Offer,0.08068585183949632,Data Booster,0.010418178939624228,False
C09717,General Offer,General Offer,0.9844167709623157,Streaming Partner Pack,0.007791614501365399,"General Offer""",0.007791614501365399,True
C05007,Retention Offer,"General Offer""",0.6170288404468894,Device Upgrade Offer,0.24761931499728687,General Offer,0.0831559019680069,False
C02094,General Offer,General Offer,0.9570133181128834,Device Upgrade Offer,0.031974613546205795,Data Booster,0.008098484135775328,True
C06899,Top-up Promo,Streaming Partner Pack,0.9881166110838709,General Offer,0.011061256102847403,Retention Offer,0.0008221327786483376,False
C06088,General Offer,General Offer,0.984725987440999,Roaming Pass,0.011167019470781315,"General Offer""",0.003276999371080877,True
C08123,General Offer,General Offer,0.9999999999550127,Top-up Promo,5.623413251650514e-12,Streaming Partner Pack,5.623413251650514e-12,True
C00742,Device Upgrade Offer,Device Upgrade Offer,0.9487075574018375,General Offer,0.04583368743499747,Retention Offer,0.0034066092002818663,True
C03434,Top-up Promo,Streaming Partner Pack,0.9816898916242157,"General Offer""",0.016648028269080618,Retention Offer,0.0008310400387649681,False
C04127,General Offer,General Offer,0.9991963593820384,Roaming Pass,0.0008036405784649112,Top-up Promo,5.642394220523117e-12,True
C05654,Device Upgrade Offer,Device Upgrade Offer,0.8033195363943353,"General Offer""",0.1649489630859204,Data Booster,0.027988140909016756,True
C00400,General Offer,General Offer,0.9906947533460335,Streaming Partner Pack,0.009305246613800822,Top-up Promo,5.737951934766788e-12,True
C04035,Device Upgrade Offer,Device Upgrade Offer,0.7185081405097453,General Offer,0.2761546103796149,Data Booster,0.005337249070893651,True
C00943,General Offer,General Offer,0.9991963593820384,Roaming Pass,0.0008036405784649112,Top-up Promo,5.642394220523117e-12,True
C05583,General Offer,General Offer,0.9825809658949057,Streaming Partner Pack,0.016590848351493766,Top-up Promo,0.0008281857187121719,True
C05348,General Offer,General Offer,0.9718581168738455,Device Upgrade Offer,0.016997935755692695,"General Offer""",0.006344068044585457,True
C07048,General Offer,General Offer,0.9961405672119575,"General Offer""",0.0019297163769317644,Family Plan Offer,0.0019297163769317644,True
C01100,Roaming Pass,Retention Offer,0.8470619517094602,General Offer,0.14342297951664293,Data Booster,0.008599322445462992,False
C04505,General Offer,General Offer,0.9980827280717024,"General Offer""",0.0019172718886793763,Top-up Promo,5.659756910892866e-12,True
C00990,Device Upgrade Offer,Device Upgrade Offer,0.9385320854596932,General Offer,0.04883959899256764,Data Booster,0.011754646210339134,True
C04802,Device Upgrade Offer,Device Upgrade Offer,0.9583984797901819,General Offer,0.03187487894123988,Retention Offer,0.004863320619198727,True
C05141,General Offer,General Offer,0.9991963593820384,"General Offer""",0.0008036405784649112,Top-up Promo,5.642394220523117e-12,True
C05498,Streaming Partner Pack,Roaming Pass,0.9591149473200374,General Offer,0.03832731756741986,"General Offer""",0.0008525783628662392,False
C01150,Device Upgrade Offer,Device Upgrade Offer,0.908230066668829,General Offer,0.08878803815107746,Data Booster,0.0020992635515308844,True
C02518,Top-up Promo,Streaming Partner Pack,0.9666698494788619,General Offer,0.033330150479843404,Top-up Promo,5.899250549187731e-12,True
C03035,General Offer,General Offer,0.9999999999550127,Top-up Promo,5.623413251650514e-12,Streaming Partner Pack,5.623413251650514e-12,True
C07945,General Offer,General Offer,0.9999999999550127,Top-up Promo,5.623413251650514e-12,Streaming Partner Pack,5.623413251650514e-12,True
C02037,General Offer,General Offer,0.7231129348242926,Device Upgrade Offer,0.15558301396561214,Data Booster,0.0639312982541497,True
C04691,General Offer,General Offer,0.9999999999550127,Top-up Promo,5.623413251650514e-12,Streaming Partner Pack,5.623413251650514e-12,True
C02319,Device Upgrade Offer,Device Upgrade Offer,0.9588056099843877,General Offer,0.038314956097783674,Roaming Pass,0.002027130501800573,True
C01684,General Offer,General Offer,0.972451193349038,Device Upgrade Offer,0.022788538467975742,Data Booster,0.004760268147536859,True
C02494,Device Upgrade Offer,Device Upgrade Offer,0.9430303748005557,General Offer,0.04619779433254397,Data Booster,0.009902155429677609,True
C00713,General Offer,General Offer,0.9943249737519761,Roaming Pass,0.003224747782622972,Top-up Promo,0.0008167594808209256,True
C07482,General Offer,General Offer,0.9894876846023707,Roaming Pass,0.007730956328601516,"General Offer""",0.0019580855008951513,True
C03461,Streaming Partner Pack,Roaming Pass,0.7660766557570231,General Offer,0.21376477880529218,Data Booster,0.01694022441747464,False
C07129,Retention Offer,"General Offer""",0.9937498091682543,General Offer,0.004617616746060025,Streaming Partner Pack,0.0008162870285149008,False
C03758,Device Upgrade Offer,Device Upgrade Offer,0.8609262175599428,Data Booster,0.09899018000046038,General Offer,0.039157774002346296,True
C02971,General Offer,General Offer,0.9991963593820384,"General Offer""",0.0008036405784649112,Top-up Promo,5.642394220523117e-12,True
C02755,General Offer,General Offer,0.9915014353420393,Roaming Pass,0.007680648401462614,Retention Offer,0.0008179162220424486,True
C06709,General Offer,General Offer,0.9983872809561679,Roaming Pass,0.0008063595049316077,Device Upgrade Offer,0.0008063595049316077,True
C03953,General Offer,General Offer,0.9405764052335706,Device Upgrade Offer,0.05116484800847226,Data Booster,0.006515796451126345,True
C05769,General Offer,General Offer,0.9903440676260966,Device Upgrade Offer,0.007704538027704119,Data Booster,0.001951394311636443,True
C06921,General Offer,General Offer,0.9980827280717024,Roaming Pass,0.0019172718886793763,Top-up Promo,5.659756910892866e-12,True
C09063,Data Booster,Data Booster,0.9744899239610931,Device Upgrade Offer,0.024674223922990728,General Offer,0.0008358520807047745,True
C01053,General Offer,General Offer,0.9999999999550127,Top-up Promo,5.623413251650514e-12,Streaming Partner Pack,5.623413251650514e-12,True
C03448,Retention Offer,Device Upgrade Offer,0.45868671686250295,"General Offer""",0.4498828474136783,General Offer,0.055507417908207485,False
C04819,Family Plan Offer,Family Plan Offer,0.7645768156999324,General Offer,0.16941341805827823,Device Upgrade Offer,0.06271995413717221,True
C03439,General Offer,General Offer,0.9999999999550127,Top-up Promo,5.623413251650514e-12,Streaming Partner Pack,5.623413251650514e-12,True
C04948,General Offer,General Offer,0.9717818927218097,Streaming Partner Pack,0.022874201751174505,Retention Offer,0.00333493574810094,True
C08962,General Offer,General Offer,0.9980827280717024,"General Offer""",0.0019172718886793763,Top-up Promo,5.659756910892866e-12,True
C06692,Data Booster,Data Booster,0.9714192105984073,Device Upgrade Offer,0.026899566467842573,Top-up Promo,0.0008406114521200804,True
C07618,General Offer,General Offer,0.9980827280717024,Retention Offer,0.0019172718886793763,Top-up Promo,5.659756910892866e-12,True
C04325,General Offer,General Offer,0.9968079659739277,Roaming Pass,0.003192033986338065,Top-up Promo,5.676328314049446e-12,True
C08495,General Offer,General Offer,0.9983872809561679,Retention Offer,0.0008063595049316077,"General Offer""",0.0008063595049316077,True
C02625,Data Booster,Data Booster,0.7425227848057261,General Offer,0.2574772151486246,Top-up Promo,6.521345877070599e-12,True
C05615,Device Upgrade Offer,Device Upgrade Offer,0.9643883646367709,General Offer,0.035611635321847815,Top-up Promo,5.911612941247552e-12,True
C05248,General Offer,General Offer,0.9972673818032946,Retention Offer,0.001923771770036698,"General Offer""",0.0008088463925950758,True
C09828,General Offer,General Offer,0.9919357751657327,"General Offer""",0.006118029035822021,Streaming Partner Pack,0.0019461957639744616,True
C06619,Data Booster,Data Booster,0.8557000140697044,Device Upgrade Offer,0.08916431013635928,General Offer,0.042485005267385335,True
C09071,Data Booster,Data Booster,0.9596971295183271,General Offer,0.0360815626298088,Device Upgrade Offer,0.003368211944494443,True
C01028,General Offer,General Offer,0.9166841715228192,"General Offer""",0.08244201423984421,Top-up Promo,0.0008738142005260777,True
C04044,Voice Bundle,Top-up Promo,0.6091926082935134,General Offer,0.3289343670343846,Data Booster,0.05111152407658396,False
C02355,Retention Offer,"General Offer""",0.7714784626168079,General Offer,0.2140035464725616,Streaming Partner Pack,0.003765351710391259,False
C00197,Data Booster,Data Booster,0.7858462787466421,General Offer,0.11008638747396718,Device Upgrade Offer,0.10078539348441165,True
C05177,Device Upgrade Offer,Device Upgrade Offer,0.8869983693393193,Data Booster,0.06253902573855304,General Offer,0.03207855268840387,True
C09193,Device Upgrade Offer,Device Upgrade Offer,0.8215514870774526,General Offer,0.17348836438489545,Retention Offer,0.0021934509530477735,True
C06667,Top-up Promo,Streaming Partner Pack,0.9744899239610932,"General Offer""",0.02467422392299073,General Offer,0.0008358520807047746,False
C08147,Top-up Promo,Streaming Partner Pack,0.9723556713384248,General Offer,0.026806621698216446,"General Offer""",0.0008377069280692639,False
C00531,Data Booster,Data Booster,0.9339165324057183,General Offer,0.051525218225339925,Device Upgrade Offer,0.013680636121736327,True
C08103,General Offer,General Offer,0.9898471694818338,Top-up Promo,0.0032656693979604473,Roaming Pass,0.0032656693979604473,True
C04326,General Offer,General Offer,0.9999999999550127,Top-up Promo,5.623413251650514e-12,Streaming Partner Pack,5.623413251650514e-12,True
C05930,General Offer,General Offer,0.9968079659739277,Retention Offer,0.003192033986338065,Top-up Promo,5.676328314049446e-12,True
C07975,Device Upgrade Offer,Device Upgrade Offer,0.8196092331915407,General Offer,0.17636239694136238,"General Offer""",0.002188265351531465,True
C04033,General Offer,General Offer,0.9980827280717024,"General Offer""",0.0019172718886793763,Top-up Promo,5.659756910892866e-12,True
C00999,General Offer,General Offer,0.9999999999550127,Top-up Promo,5.623413251650514e-12,Streaming Partner Pack,5.623413251650514e-12,True
C07239,Retention Offer,"General Offer""",0.5714664883303151,Device Upgrade Offer,0.29270072028667243,General Offer,0.09115307801452541,False
C03148,Streaming Partner Pack,Roaming Pass,0.9450079241822178,General Offer,0.041523629631029436,Device Upgrade Offer,0.011725447903150082,False
C09403,General Offer,General Offer,0.9524551294826258,Device Upgrade Offer,0.047544870475574104,Top-up Promo,5.9714558565098574e-12,True
C08601,General Offer,General Offer,0.9972673818032946,"General Offer""",0.001923771770036698,Retention Offer,0.0008088463925950758,True
C06618,General Offer,General Offer,0.9991963593820384,Retention Offer,0.0008036405784649112,Top-up Promo,5.642394220523117e-12,True
C06510,General Offer,General Offer,0.9822602315279425,Roaming Pass,0.009509147191337431,Family Plan Offer,0.006244267868152674,True
C02739,General Offer,General Offer,0.9991963593820384,Retention Offer,0.0008036405784649112,Top-up Promo,5.642394220523117e-12,True
C06537,General Offer,General Offer,0.9657110541520442,Streaming Partner Pack,0.0334458058706611,"General Offer""",0.0008431399417764498,True
C04208,Retention Offer,"General Offer""",0.9915014353420393,General Offer,0.007680648401462614,Device Upgrade Offer,0.0008179162220424486,False
C01645,Device Upgrade Offer,Device Upgrade Offer,0.6919212630152528,General Offer,0.30583473059138605,Roaming Pass,0.002244006353615623,True
C05294,General Offer,General Offer,0.9991963593820384,Roaming Pass,0.0008036405784649112,Top-up Promo,5.642394220523117e-12,True
C08900,General Offer,General Offer,0.9999999999550127,Top-up Promo,5.623413251650514e-12,Streaming Partner Pack,5.623413251650514e-12,True
C03765,Device Upgrade Offer,Device Upgrade Offer,0.9162717413436616,General Offer,0.07275256449005428,Data Booster,0.01008955960468271,True
C09951,Top-up Promo,Streaming Partner Pack,0.9735628269808503,General Offer,0.024759679148485914,Retention Offer,0.0008387469206097771,False
C05405,General Offer,General Offer,0.9869427711171396,"General Offer""",0.011095757504636592,Streaming Partner Pack,0.0019614713434825165,True
C01548,General Offer,General Offer,0.9585203200194874,Device Upgrade Offer,0.031734092855335225,Data Booster,0.009745587089120534,True
C05885,Device Upgrade Offer,Device Upgrade Offer,0.7350180668093244,General Offer,0.2631096778173344,"General Offer""",0.0009361276702391383,True
C00320,Data Booster,Data Booster,0.9915014353420392,Device Upgrade Offer,0.007680648401462613,General Offer,0.0008179162220424485,True
C00556,General Offer,General Offer,0.9670020245210902,Device Upgrade Offer,0.025034343274984116,Data Booster,0.007963632168200454,True
C02792,General Offer,General Offer,0.9999999999550127,Top-up Promo,5.623413251650514e-12,Streaming Partner Pack,5.623413251650514e-12,True
C00350,Retention Offer,Device Upgrade Offer,0.5273078982132436,"General Offer""",0.43247665035611793,General Offer,0.03214401935475247,False
C06413,General Offer,General Offer,0.9991963593820384,"General Offer""",0.0008036405784649112,Top-up Promo,5.642394220523117e-12,True
C05814,General Offer,General Offer,0.9999999999550127,Top-up Promo,5.623413251650514e-12,Streaming Partner Pack,5.623413251650514e-12,True
C01640,General Offer,General Offer,0.9945845662566775,Roaming Pass,0.004601921274186335,Data Booster,0.0008135124348659485,True
C02703,General Offer,General Offer,0.9223359786527539,Roaming Pass,0.07679316908834866,Device Upgrade Offer,0.0008708522222116863,True
C07242,General Offer,General Offer,0.9923454828686014,Roaming Pass,0.007654517091337106,Top-up Promo,5.7230864016839745e-12,True
C07042,General Offer,General Offer,0.9999999999550127,Top-up Promo,5.623413251650514e-12,Streaming Partner Pack,5.623413251650514e-12,True
C05494,Retention Offer,"General Offer""",0.9850200430769332,General Offer,0.009453159983665648,Retention Offer,0.004696555372268152,True
C07601,General Offer,General Offer,0.9983872809561679,Roaming Pass,0.0008063595049316077,"General Offer""",0.0008063595049316077,True
C05994,General Offer,General Offer,0.9999999999550127,Top-up Promo,5.623413251650514e-12,Streaming Partner Pack,5.623413251650514e-12,True
C07828,Top-up Promo,Streaming Partner Pack,0.9711103010513235,"General Offer""",0.02689101245449419,General Offer,0.001998686458781956,False
C08257,General Offer,General Offer,0.9521900188787086,Top-up Promo,0.0279694066400873,Roaming Pass,0.009951895906172589,True
C07060,Family Plan Offer,Family Plan Offer,0.5829393047261193,General Offer,0.39559438737419866,Device Upgrade Offer,0.011223826854777106,True
C06503,General Offer,General Offer,0.9999999999550127,Top-up Promo,5.623413251650514e-12,Streaming Partner Pack,5.623413251650514e-12,True
C04698,Top-up Promo,Streaming Partner Pack,0.9853581279583375,General Offer,0.014641872001196007,Top-up Promo,5.780936172525238e-12,True
C01660,General Offer,General Offer,0.9906947533460335,"General Offer""",0.009305246613800822,Top-up Promo,5.737951934766788e-12,True
C09115,Device Upgrade Offer,Device Upgrade Offer,0.9643241167722796,General Offer,0.029324335861858744,Data Booster,0.006351547330075146,True
C01599,General Offer,General Offer,0.9999999999550127,Top-up Promo,5.623413251650514e-12,Streaming Partner Pack,5.623413251650514e-12,True
C03330,General Offer,General Offer,0.9872508695330354,"General Offer""",0.011099221317747534,Streaming Partner Pack,0.0008249545601284529,True
C09457,General Offer,General Offer,0.9819361257036373,Device Upgrade Offer,0.014781920669815544,Data Booster,0.0032819535915298735,True
C09234,Top-up Promo,Streaming Partner Pack,0.7984129435887651,General Offer,0.10061420847276581,Top-up Promo,0.09451707058319767,True
C09727,General Offer,General Offer,0.9999999999550127,Top-up Promo,5.623413251650514e-12,Streaming Partner Pack,5.623413251650514e-12,True
C03592,Retention Offer,"General Offer""",0.9968079659739277,General Offer,0.003192033986338065,Top-up Promo,5.676328314049446e-12,False
C06265,General Offer,General Offer,0.9964465009984514,Device Upgrade Offer,0.0019303090296732407,"General Offer""",0.0008115949716920517,True
C01563,General Offer,General Offer,0.5857097285614815,Device Upgrade Offer,0.4047467328380326,Data Booster,0.007240329666374303,True
C07532,General Offer,General Offer,0.8517276213293977,Device Upgrade Offer,0.1292617654649143,Data Booster,0.014430090023934923,True
C07896,Device Upgrade Offer,Device Upgrade Offer,0.9732857839529392,General Offer,0.02671421600603179,Top-up Promo,5.861300982887917e-12,True
C07455,Retention Offer,"General Offer""",0.9021479764950256,Streaming Partner Pack,0.08949744203343935,General Offer,0.008354581434055998,False
C02297,Device Upgrade Offer,Device Upgrade Offer,0.7397223431927188,General Offer,0.25184525746397224,"General Offer""",0.0037422800089305717,True
C01872,General Offer,General Offer,0.9964465009984516,Retention Offer,0.001930309029673241,Streaming Partner Pack,0.0008115949716920517,True
C03979,General Offer,General Offer,0.9964465009984514,Device Upgrade Offer,0.0019303090296732407,Top-up Promo,0.0008115949716920517,True
C00798,General Offer,General Offer,0.9980827280717024,Roaming Pass,0.0019172718886793763,Top-up Promo,5.659756910892866e-12,True
C02464,Device Upgrade Offer,Device Upgrade Offer,0.86771070537558,Data Booster,0.07064659458599695,General Offer,0.05978624788306565,True
C07893,General Offer,General Offer,0.9983872809561679,Retention Offer,0.0008063595049316077,Device Upgrade Offer,0.0008063595049316077,True
C02433,General Offer,General Offer,0.9999999999550127,Top-up Promo,5.623413251650514e-12,Streaming Partner Pack,5.623413251650514e-12,True
C07755,Top-up Promo,Streaming Partner Pack,0.9983872809561679,Retention Offer,0.0008063595049316077,General Offer,0.0008063595049316077,False
C07570,General Offer,General Offer,0.9203265929707486,Device Upgrade Offer,0.07005831552192517,Data Booster,0.006622619011777342,True
C06748,General Offer,General Offer,0.9991963593820384,"General Offer""",0.0008036405784649112,Top-up Promo,5.642394220523117e-12,True
C03595,General Offer,General Offer,0.9999999999550127,Top-up Promo,5.623413251650514e-12,Streaming Partner Pack,5.623413251650514e-12,True
C03772,Retention Offer,"General Offer""",0.6801084690924165,General Offer,0.24596926191318805,Streaming Partner Pack,0.06998663145178172,False
C02754,General Offer,General Offer,0.9999999999550127,Top-up Promo,5.623413251650514e-12,Streaming Partner Pack,5.623413251650514e-12,True
C07786,General Offer,General Offer,0.9897679568783774,Roaming Pass,0.006157148935403682,Data Booster,0.0032513874259402363,True
C04111,General Offer,General Offer,0.9999999999550127,Top-up Promo,5.623413251650514e-12,Streaming Partner Pack,5.623413251650514e-12,True
C03139,General Offer,General Offer,0.9715248706264303,Device Upgrade Offer,0.018860255876966284,Data Booster,0.009614873461030076,True
C02236,Device Upgrade Offer,Device Upgrade Offer,0.67021524522785,General Offer,0.30469625430349423,Data Booster,0.021792129934143006,True
C06527,General Offer,General Offer,0.968914025311812,Device Upgrade Offer,0.031085974646980763,Top-up Promo,5.886747736569543e-12,True
C00397,Device Upgrade Offer,Device Upgrade Offer,0.686273438822364,General Offer,0.31278477145990075,Roaming Pass,0.0009417896780612443,True
C00922,General Offer,General Offer,0.9723197107407096,Device Upgrade Offer,0.024837722935452566,Roaming Pass,0.002001175600094409,True
C09762,Device Upgrade Offer,Device Upgrade Offer,0.8652697745374712,General Offer,0.1043446058023081,Data Booster,0.029464843275536248,True
C07625,Retention Offer,"General Offer""",0.9709081316245044,General Offer,0.017057435620032434,Family Plan Offer,0.00636627492861186,False
C03524,Device Upgrade Offer,Device Upgrade Offer,0.9869427711171395,General Offer,0.011095757504636592,Data Booster,0.001961471343482516,True
C02252,General Offer,General Offer,0.9540622736960691,Device Upgrade Offer,0.03864982506541329,Data Booster,0.006428148774021314,True
C04280,General Offer,General Offer,0.988976490294749,"General Offer""",0.01102350966498347,Top-up Promo,5.752531054798397e-12,True
C04393,General Offer,General Offer,0.9672383974237436,Device Upgrade Offer,0.02103326648775563,Data Booster,0.00970175010361403,True
C04436,General Offer,General Offer,0.9717997569644489,Device Upgrade Offer,0.015087915632268424,Data Booster,0.011415415685252568,True
C00641,General Offer,General Offer,0.9774930735015495,"General Offer""",0.02250692645760402,Top-up Promo,5.835226464962209e-12,True
C09847,Retention Offer,"General Offer""",0.904793009394191,Streaming Partner Pack,0.07092363888196039,General Offer,0.024283351686073887,False
C03658,Top-up Promo,Streaming Partner Pack,0.9543156727819453,"General Offer""",0.03411385103726473,General Offer,0.01157047614456229,False
C05489,Device Upgrade Offer,Device Upgrade Offer,0.9500561357125021,General Offer,0.045688004421451295,Data Booster,0.003395781245516607,True
C04563,General Offer,General Offer,0.9999999999550127,Top-up Promo,5.623413251650514e-12,Streaming Partner Pack,5.623413251650514e-12,True
C01341,General Offer,General Offer,0.9948518197013417,"General Offer""",0.0032127907968834716,Roaming Pass,0.0019353894674954497,True
C07336,Device Upgrade Offer,Device Upgrade Offer,0.968709834880125,General Offer,0.02496664830619346,Data Booster,0.006323516778052898,True
C09584,General Offer,General Offer,0.7942876755253491,Device Upgrade Offer,0.19661429638499567,"General Offer""",0.0037012723364962937,True
C00614,General Offer,General Offer,0.9999999999550127,Top-up Promo,5.623413251650514e-12,Streaming Partner Pack,5.623413251650514e-12,True
C06124,Device Upgrade Offer,Device Upgrade Offer,0.9786284472234352,General Offer,0.020539481916682173,Data Booster,0.0008320708248305361,True
C09923,Family Plan Offer,Device Upgrade Offer,0.4378938254312594,General Offer,0.3798978212856483,Data Booster,0.09621997383804226,False
C03878,Retention Offer,"General Offer""",0.8462074987968065,General Offer,0.08817518595516247,Streaming Partner Pack,0.06561731520866075,False
C03525,General Offer,General Offer,0.9999999999550127,Top-up Promo,5.623413251650514e-12,Streaming Partner Pack,5.623413251650514e-12,True
C07112,General Offer,General Offer,0.9944804334395129,"General Offer""",0.001942896090089426,Device Upgrade Offer,0.001942896090089426,True
C07235,Device Upgrade Offer,Device Upgrade Offer,0.9040251124985029,General Offer,0.08216407565729655,Data Booster,0.008455102594557062,True
C06913,Top-up Promo,Streaming Partner Pack,0.9679649170737867,General Offer,0.031193732855753362,"General Offer""",0.0008413500350169247,False
C02840,General Offer,General Offer,0.9972673818032946,"General Offer""",0.001923771770036698,Retention Offer,0.0008088463925950758,True
C07858,General Offer,General Offer,0.9489460870915468,Device Upgrade Offer,0.03667113304266329,Data Booster,0.013515744426158908,True
C08628,Data Booster,Data Booster,0.845477547380809,General Offer,0.12482443514301375,Device Upgrade Offer,0.02317481598601842,True
C01002,General Offer,General Offer,0.9991963593820384,"General Offer""",0.0008036405784649112,Top-up Promo,5.642394220523117e-12,True
C08106,General Offer,General Offer,0.9980827280717024,"General Offer""",0.0019172718886793763,Top-up Promo,5.659756910892866e-12,True
C03763,Device Upgrade Offer,Device Upgrade Offer,0.9423251258851535,General Offer,0.05767487407272655,Top-up Promo,6.0171484473907056e-12,True
C01819,General Offer,General Offer,0.9999999999550127,Top-up Promo,5.623413251650514e-12,Streaming Partner Pack,5.623413251650514e-12,True
C08346,Device Upgrade Offer,Device Upgrade Offer,0.9869427711171395,General Offer,0.011095757504636592,Data Booster,0.001961471343482516,True
C08896,General Offer,General Offer,0.9589210726174549,Roaming Pass,0.02955821113167583,Data Booster,0.01152071621479737,True
C03823,Device Upgrade Offer,Device Upgrade Offer,0.7383023364737221,General Offer,0.2570447980827323,Data Booster,0.003712554855755166,True
C00613,General Offer,General Offer,0.9764950589884985,Roaming Pass,0.020675275984146556,Retention Offer,0.0019920930469399718,True
C06799,General Offer,General Offer,0.9219929349799735,Device Upgrade Offer,0.07215652425760823,"General Offer""",0.0049716660390614256,True
C04753,General Offer,General Offer,0.9991963593820384,"General Offer""",0.0008036405784649112,Top-up Promo,5.642394220523117e-12,True
C04045,General Offer,General Offer,0.9723197107407097,Device Upgrade Offer,0.02483772293545257,Data Booster,0.0020011756000944095,True
C04839,Retention Offer,"General Offer""",0.9945845662566776,Device Upgrade Offer,0.004601921274186336,General Offer,0.0008135124348659487,False
C05492,Retention Offer,"General Offer""",0.6404548073094498,Device Upgrade Offer,0.2692780757992624,General Offer,0.06036630813084177,False
C03298,General Offer,General Offer,0.9999999999550127,Top-up Promo,5.623413251650514e-12,Streaming Partner Pack,5.623413251650514e-12,True
C06912,Roaming Pass,Retention Offer,0.7666335940728884,Roaming Pass,0.1517211536527555,General Offer,0.027431706093411026,True
C07970,General Offer,General Offer,0.9999999999550127,Top-up Promo,5.623413251650514e-12,Streaming Partner Pack,5.623413251650514e-12,True
C07116,Data Booster,Data Booster,0.7763916524021927,General Offer,0.221754644210281,Roaming Pass,0.000926851677494508,True
C06490,General Offer,General Offer,0.9956200378428749,Roaming Pass,0.0019368839627262153,Retention Offer,0.0008143593905094414,True
C05107,General Offer,General Offer,0.9967526227588891,Roaming Pass,0.0008118443045777086,"General Offer""",0.0008118443045777086,True
C00970,General Offer,General Offer,0.9999999999550127,Top-up Promo,5.623413251650514e-12,Streaming Partner Pack,5.623413251650514e-12,True
C08314,General Offer,General Offer,0.9574765957183371,Device Upgrade Offer,0.0297842048300589,Data Booster,0.009824204818537945,True
C07327,General Offer,General Offer,0.9999999999550127,Top-up Promo,5.623413251650514e-12,Streaming Partner Pack,5.623413251650514e-12,True
C06217,General Offer,General Offer,0.9999999999550127,Top-up Promo,5.623413251650514e-12,Streaming Partner Pack,5.623413251650514e-12,True
C03624,Retention Offer,"General Offer""",0.4472518586820855,Device Upgrade Offer,0.3089395986291788,General Offer,0.16692592943800302,False
C08238,Device Upgrade Offer,Device Upgrade Offer,0.8458780723398805,General Offer,0.14637022996136131,Data Booster,0.006837231245053365,True
C01235,General Offer,General Offer,0.9999999999550127,Top-up Promo,5.623413251650514e-12,Streaming Partner Pack,5.623413251650514e-12,True
C02242,Data Booster,Data Booster,0.9785327251613787,Device Upgrade Offer,0.016740180476413468,General Offer,0.00472709432700549,True
C08179,General Offer,General Offer,0.9945845662566775,Roaming Pass,0.004601921274186335,Device Upgrade Offer,0.0008135124348659485,True
C04055,Retention Offer,"General Offer""",0.9999999999550127,Top-up Promo,5.623413251650514e-12,Streaming Partner Pack,5.623413251650514e-12,False
C04131,General Offer,General Offer,0.9964465009984514,Retention Offer,0.0019303090296732407,Roaming Pass,0.0008115949716920517,True
C06982,General Offer,General Offer,0.948130850322506,Device Upgrade Offer,0.032418313423215196,Data Booster,0.01363022177307652,True
C08092,Top-up Promo,Streaming Partner Pack,0.9948518197013417,General Offer,0.0032127907968834716,"General Offer""",0.0019353894674954497,False
C02270,General Offer,General Offer,0.9954136841446093,Roaming Pass,0.004586315815544418,Top-up Promo,5.692336120608429e-12,True
C01054,Data Booster,Data Booster,0.9473900873538367,General Offer,0.045982034535261763,Device Upgrade Offer,0.004896650647586579,True
C08234,General Offer,General Offer,0.9906947533460335,Retention Offer,0.009305246613800822,Top-up Promo,5.737951934766788e-12,True
C00650,Data Booster,Data Booster,0.8349533221405604,"General Offer""",0.10187984160859392,Device Upgrade Offer,0.053266193074362436,True
C00973,Device Upgrade Offer,Device Upgrade Offer,0.7517159288335254,General Offer,0.24269078797586474,Roaming Pass,0.0037126260106310305,True
C02906,Retention Offer,"General Offer""",0.9403473531429478,General Offer,0.05585568124996285,Retention Offer,0.0020625634073014078,True
C00469,General Offer,General Offer,0.9991963593820384,Roaming Pass,0.0008036405784649112,Top-up Promo,5.642394220523117e-12,True
C09213,General Offer,General Offer,0.9832600581367377,Device Upgrade Offer,0.011198981068552747,Data Booster,0.004708591517520111,True
C00282,General Offer,General Offer,0.9604740803647062,Retention Offer,0.03611077351286935,Streaming Partner Pack,0.0008537865261102579,True
C03331,Streaming Partner Pack,Roaming Pass,0.9007242400239293,General Offer,0.08786794255640043,Retention Offer,0.0035596005651770835,False
C04159,General Offer,General Offer,0.9684258302322933,Device Upgrade Offer,0.025071203633108798,Data Booster,0.004804366163861232,True
C05458,General Offer,General Offer,0.9991963593820384,"General Offer""",0.0008036405784649112,Top-up Promo,5.642394220523117e-12,True
C00161,Device Upgrade Offer,Device Upgrade Offer,0.9076351697344822,General Offer,0.0681250200394042,Data Booster,0.024239810188406485,True
C02321,Retention Offer,"General Offer""",0.7600879550461219,General Offer,0.18210876033620896,Streaming Partner Pack,0.056835227608401644,False
C06454,General Offer,General Offer,0.8942561364069643,Device Upgrade Offer,0.047190275904872965,Data Booster,0.029980764278368453,True
C01467,Data Booster,Data Booster,0.8969147534424364,General Offer,0.09551291613479843,Device Upgrade Offer,0.0066790238959771615,True
C04961,Device Upgrade Offer,Device Upgrade Offer,0.9709119975526004,General Offer,0.02491214033129119,Data Booster,0.003331950464552621,True
C02919,Retention Offer,"General Offer""",0.9438524303759657,General Offer,0.055289164101187976,Streaming Partner Pack,0.0008584054866849341,False
C09778,Device Upgrade Offer,Device Upgrade Offer,0.9714192105984074,General Offer,0.026899566467842577,"General Offer""",0.0008406114521200805,True
C08700,Device Upgrade Offer,Device Upgrade Offer,0.7137612804371437,General Offer,0.21733481656516923,Data Booster,0.032593102925468666,True
C07683,Streaming Partner Pack,Roaming Pass,0.5941337534441704,General Offer,0.2151826162295992,Data Booster,0.18164517212687276,False
C06713,Streaming Partner Pack,General Offer,0.6363421697763899,Roaming Pass,0.34316565496129,Data Booster,0.0073694763070383746,False
C05096,Device Upgrade Offer,Device Upgrade Offer,0.794799129638761,"General Offer""",0.14875624254722336,Data Booster,0.041070279720683896,True
C09120,Device Upgrade Offer,Family Plan Offer,0.4709305037083588,Device Upgrade Offer,0.44906888205731166,General Offer,0.05202781880698019,True
C01111,General Offer,General Offer,0.9991963593820384,Roaming Pass,0.0008036405784649112,Top-up Promo,5.642394220523117e-12,True
C00307,Retention Offer,"General Offer""",0.9968079659739277,General Offer,0.003192033986338065,Top-up Promo,5.676328314049446e-12,False
C02563,Retention Offer,Device Upgrade Offer,0.49727153342160135,"General Offer""",0.39954453066368917,Roaming Pass,0.04769435808156989,False
C05321,General Offer,General Offer,0.9948518197013417,Retention Offer,0.0032127907968834716,"General Offer""",0.0019353894674954497,True
C09684,General Offer,General Offer,0.9999999999550127,Top-up Promo,5.623413251650514e-12,Streaming Partner Pack,5.623413251650514e-12,True
C05617,General Offer,General Offer,0.9991963593820384,"General Offer""",0.0008036405784649112,Top-up Promo,5.642394220523117e-12,True
C07227,Data Booster,Data Booster,0.9597983008428428,General Offer,0.03818162288382397,Device Upgrade Offer,0.0020200762375537076,True
C09117,General Offer,General Offer,0.9983872809561679,Roaming Pass,0.0008063595049316077,Family Plan Offer,0.0008063595049316077,True
C06465,General Offer,General Offer,0.9999999999550127,Top-up Promo,5.623413251650514e-12,Streaming Partner Pack,5.623413251650514e-12,True
C03777,General Offer,General Offer,0.7431523700851853,Device Upgrade Offer,0.2478780091531008,Family Plan Offer,0.007076645505665157,True
C03916,Device Upgrade Offer,Device Upgrade Offer,0.8240444567277561,General Offer,0.14969362751132156,Data Booster,0.02532668596229032,True
C00066,General Offer,General Offer,0.9999999999550127,Top-up Promo,5.623413251650514e-12,Streaming Partner Pack,5.623413251650514e-12,True
C06308,General Offer,General Offer,0.9999999999550127,Top-up Promo,5.623413251650514e-12,Streaming Partner Pack,5.623413251650514e-12,True
C02822,General Offer,General Offer,0.9991963593820384,Retention Offer,0.0008036405784649112,Top-up Promo,5.642394220523117e-12,True
C07092,General Offer,General Offer,0.7592763755301818,Device Upgrade Offer,0.2351406295212775,Data Booster,0.0037057970349099406,True
C09441,General Offer,General Offer,0.9999999999550127,Top-up Promo,5.623413251650514e-12,Streaming Partner Pack,5.623413251650514e-12,True
C06522,General Offer,General Offer,0.986070329630609,Retention Offer,0.011133919362103357,Roaming Pass,0.001968217470531872,True
C05517,General Offer,General Offer,0.9301364843953647,Device Upgrade Offer,0.05683522777654096,Data Booster,0.010047143742768532,True
C06528,General Offer,General Offer,0.9999999999550127,Top-up Promo,5.623413251650514e-12,Streaming Partner Pack,5.623413251650514e-12,True
C02222,Retention Offer,Device Upgrade Offer,0.539094472290479,"General Offer""",0.4137535976889956,General Offer,0.03744993128552074,False
C02127,General Offer,General Offer,0.9999999999550127,Top-up Promo,5.623413251650514e-12,Streaming Partner Pack,5.623413251650514e-12,True
C04426,General Offer,General Offer,0.9991963593820384,"General Offer""",0.0008036405784649112,Top-up Promo,5.642394220523117e-12,True
C06237,Data Booster,Data Booster,0.9780479694651962,Device Upgrade Offer,0.018654372224872564,General Offer,0.003297658274746346,True
C01103,General Offer,General Offer,0.9482738585005591,"General Offer""",0.03436933065627859,Streaming Partner Pack,0.017356810806663285,True
C00081,Device Upgrade Offer,Device Upgrade Offer,0.9239864529120422,General Offer,0.07426872591962161,"General Offer""",0.0008724105688550687,True
C02070,Top-up Promo,Streaming Partner Pack,0.9881166110838709,General Offer,0.011061256102847403,"General Offer""",0.0008221327786483376,False
C05856,General Offer,General Offer,0.98388327721144,"General Offer""",0.006282030049306091,Retention Offer,0.003317333026369842,True
C04440,General Offer,General Offer,0.9999999999550127,Top-up Promo,5.623413251650514e-12,Streaming Partner Pack,5.623413251650514e-12,True
C08354,General Offer,General Offer,0.9999999999550127,Top-up Promo,5.623413251650514e-12,Streaming Partner Pack,5.623413251650514e-12,True
C03316,Device Upgrade Offer,Device Upgrade Offer,0.691114317186307,Family Plan Offer,0.25794168879293244,General Offer,0.0344992007259038,True
C01628,General Offer,General Offer,0.9991963593820384,Roaming Pass,0.0008036405784649112,Top-up Promo,5.642394220523117e-12,True
C00279,General Offer,General Offer,0.9999999999550127,Top-up Promo,5.623413251650514e-12,Streaming Partner Pack,5.623413251650514e-12,True
C02947,Retention Offer,"General Offer""",0.988985226890612,General Offer,0.009369062111765152,Family Plan Offer,0.0008228554843682531,False
C04588,General Offer,General Offer,0.9692342494812601,"General Offer""",0.029080843824973748,Top-up Promo,0.0008424533320958151,True
C08222,General Offer,General Offer,0.9524551294826258,Data Booster,0.047544870475574104,Top-up Promo,5.9714558565098574e-12,True
C00917,General Offer,General Offer,0.962028439781705,Device Upgrade Offer,0.03170605362167967,"General Offer""",0.003376394054072465,True
C06383,General Offer,General Offer,0.9999999999550127,Top-up Promo,5.623413251650514e-12,Streaming Partner Pack,5.623413251650514e-12,True
C07744,General Offer,General Offer,0.9964465009984514,Roaming Pass,0.0019303090296732407,"General Offer""",0.0008115949716920517,True
C02828,General Offer,General Offer,0.97545863346243,Top-up Promo,0.011458395317492777,Device Upgrade Offer,0.004817661773519814,True
C04741,Retention Offer,"General Offer""",0.8234215209733909,Device Upgrade Offer,0.11825059043994474,General Offer,0.03811737604459842,False
C05909,Device Upgrade Offer,Device Upgrade Offer,0.7469644004623538,General Offer,0.23833322404761934,Data Booster,0.012799690140234557,True
C03362,Retention Offer,"General Offer""",0.9898428926664823,General Offer,0.009337062261574613,Device Upgrade Offer,0.0008200450373977733,False
C00700,General Offer,General Offer,0.9552105982312314,Data Booster,0.01764702481127211,"General Offer""",0.0100300521218751,True
C07515,Family Plan Offer,Family Plan Offer,0.4774073530870568,Roaming Pass,0.42378760214854455,General Offer,0.042326629918578766,True
C01405,Retention Offer,"General Offer""",0.9953133169280173,Device Upgrade Offer,0.0019362872663978574,Data Booster,0.0019362872663978574,False
C03343,General Offer,General Offer,0.9794204496802833,Device Upgrade Offer,0.01859893958555569,Data Booster,0.00198061069908064,True
C01600,General Offer,General Offer,0.9999999999550127,Top-up Promo,5.623413251650514e-12,Streaming Partner Pack,5.623413251650514e-12,True
C01492,Retention Offer,Device Upgrade Offer,0.47665940548543045,"General Offer""",0.4282610311319564,General Offer,0.04981447069277754,False
C08740,Retention Offer,"General Offer""",0.9804833207359964,General Offer,0.016700271253022963,Retention Offer,0.0019827600658672696,True
C07371,General Offer,General Offer,0.9564535844560428,Device Upgrade Offer,0.03419027480610883,Data Booster,0.0064442606167739655,True
C08742,Retention Offer,"General Offer""",0.9853581279583375,General Offer,0.014641872001196007,Top-up Promo,5.780936172525238e-12,False
C05202,General Offer,General Offer,0.9991963593820384,"General Offer""",0.0008036405784649112,Top-up Promo,5.642394220523117e-12,True
C00240,Data Booster,Data Booster,0.986070329630609,Device Upgrade Offer,0.011133919362103357,General Offer,0.001968217470531872,True
C05989,Retention Offer,"General Offer""",0.9881166110838709,General Offer,0.011061256102847403,Retention Offer,0.0008221327786483376,True
C03336,General Offer,General Offer,0.9999999999550127,Top-up Promo,5.623413251650514e-12,Streaming Partner Pack,5.623413251650514e-12,True
C00122,General Offer,General Offer,0.9972673818032946,Roaming Pass,0.001923771770036698,"General Offer""",0.0008088463925950758,True
C02426,Device Upgrade Offer,Device Upgrade Offer,0.6402335502934229,Family Plan Offer,0.1778031991740889,General Offer,0.15267554427246666,True
C00030,General Offer,General Offer,0.9610504390063656,Device Upgrade Offer,0.02746188173154488,Data Booster,0.00977131162976664,True
C04039,General Offer,General Offer,0.9797883158123556,Family Plan Offer,0.006339184268705921,Roaming Pass,0.004796184264042843,True
C03027,General Offer,General Offer,0.9475947504628254,Device Upgrade Offer,0.050364926099869874,Roaming Pass,0.002040323401166741,True
C02820,Retention Offer,"General Offer""",0.642898543000523,General Offer,0.2014544068127314,Family Plan Offer,0.10103604748822809,False
C04012,General Offer,General Offer,0.9999999999550127,Top-up Promo,5.623413251650514e-12,Streaming Partner Pack,5.623413251650514e-12,True
C09827,Top-up Promo,Streaming Partner Pack,0.9149942166437842,General Offer,0.08500578331334943,Top-up Promo,6.123775815379588e-12,True
C07338,General Offer,General Offer,0.9999999999550127,Top-up Promo,5.623413251650514e-12,Streaming Partner Pack,5.623413251650514e-12,True
C05122,General Offer,General Offer,0.9913951254295637,Roaming Pass,0.00614088154787858,Retention Offer,0.0008213309998304802,True
C09123,Device Upgrade Offer,Device Upgrade Offer,0.8151367801325569,General Offer,0.1796586250706556,Data Booster,0.0052045947580292825,True
C06419,Device Upgrade Offer,Device Upgrade Offer,0.9085076923497943,Data Booster,0.04626357822984677,General Offer,0.024873647167185462,True
C01609,General Offer,General Offer,0.8983549510118629,Device Upgrade Offer,0.0518102121970584,Family Plan Offer,0.025098652449604426,True
C08990,General Offer,General Offer,0.9991963593820384,Roaming Pass,0.0008036405784649112,Top-up Promo,5.642394220523117e-12,True
C06930,Streaming Partner Pack,Roaming Pass,0.8709782268547884,General Offer,0.12547403738137816,Device Upgrade Offer,0.0035477357259803693,False
C03169,General Offer,General Offer,0.9980827280717024,Roaming Pass,0.0019172718886793763,Top-up Promo,5.659756910892866e-12,True
C03296,General Offer,General Offer,0.9959859041715512,Retention Offer,0.0032028759737511084,"General Offer""",0.0008112198205240613,True
C01353,Top-up Promo,Streaming Partner Pack,0.9807661956184799,"General Offer""",0.012999034124711688,General Offer,0.006234770221679894,False
C06557,Top-up Promo,Streaming Partner Pack,0.9939216300347296,General Offer,0.006078369925315314,Top-up Promo,5.70789782525533e-12,True
C02149,General Offer,General Offer,0.9983872809561679,Retention Offer,0.0008063595049316077,"General Offer""",0.0008063595049316077,True
C03659,General Offer,General Offer,0.9999999999550127,Top-up Promo,5.623413251650514e-12,Streaming Partner Pack,5.623413251650514e-12,True
C08206,Device Upgrade Offer,Device Upgrade Offer,0.9359528514276236,"General Offer""",0.05139410580578956,Data Booster,0.011777662717031623,True
C03152,General Offer,General Offer,0.9999999999550127,Top-up Promo,5.623413251650514e-12,Streaming Partner Pack,5.623413251650514e-12,True
C04017,General Offer,General Offer,0.9999999999550127,Top-up Promo,5.623413251650514e-12,Streaming Partner Pack,5.623413251650514e-12,True
C07247,Voice Bundle,Top-up Promo,0.7372388186419822,Device Upgrade Offer,0.13538437286511865,General Offer,0.06267015045302153,False
C05274,General Offer,General Offer,0.9851637022322256,Roaming Pass,0.0077975264287988,Data Booster,0.006208408686182395,True
C05352,Streaming Partner Pack,Device Upgrade Offer,0.690171758263147,General Offer,0.26342618249874117,Roaming Pass,0.039328001127559575,False
C09484,General Offer,General Offer,0.9999999999550127,Top-up Promo,5.623413251650514e-12,Streaming Partner Pack,5.623413251650514e-12,True
C00219,General Offer,General Offer,0.994787944018165,Roaming Pass,0.0019434968672197089,Retention Offer,0.0008171397743509383,True
C06554,General Offer,General Offer,0.9934429399758145,Roaming Pass,0.004616190829487477,Data Booster,0.0019408691603215458,True
C02884,General Offer,General Offer,0.9277029520862745,Device Upgrade Offer,0.0640717181589875,"General Offer""",0.00822532971783876,True
C04981,Device Upgrade Offer,Device Upgrade Offer,0.9479024611884903,General Offer,0.05038128101102855,Family Plan Offer,0.0008581288851781504,True
C02969,General Offer,General Offer,0.9999999999550127,Top-up Promo,5.623413251650514e-12,Streaming Partner Pack,5.623413251650514e-12,True
C00454,General Offer,General Offer,0.9991963593820384,Roaming Pass,0.0008036405784649112,Top-up Promo,5.642394220523117e-12,True
C01046,General Offer,General Offer,0.9999999999550127,Top-up Promo,5.623413251650514e-12,Streaming Partner Pack,5.623413251650514e-12,True
C09962,Device Upgrade Offer,Device Upgrade Offer,0.7262651320782332,General Offer,0.26840603041603867,Data Booster,0.005328837466044634,True
C02920,General Offer,General Offer,0.9701802074021001,Device Upgrade Offer,0.02898025327397017,"General Offer""",0.0008395392885632287,True
C04257,General Offer,General Offer,0.9991963593820384,Retention Offer,0.0008036405784649112,Top-up Promo,5.642394220523117e-12,True
C03337,General Offer,General Offer,0.9991963593820384,Roaming Pass,0.0008036405784649112,Top-up Promo,5.642394220523117e-12,True
C03937,General Offer,General Offer,0.680262753088013,Device Upgrade Offer,0.31784594849348125,"General Offer""",0.0009456491926543665,True
C00992,General Offer,General Offer,0.9972673818032946,Roaming Pass,0.001923771770036698,Retention Offer,0.0008088463925950758,True
C00250,General Offer,General Offer,0.9657110541520442,Device Upgrade Offer,0.0334458058706611,"General Offer""",0.0008431399417764498,True
C01661,General Offer,General Offer,0.9806290380557303,Streaming Partner Pack,0.018540819925814245,"General Offer""",0.0008301419834847825,True
C00475,General Offer,General Offer,0.9999999999550127,Top-up Promo,5.623413251650514e-12,Streaming Partner Pack,5.623413251650514e-12,True
C01024,General Offer,General Offer,0.9906236236237852,Device Upgrade Offer,0.00613610272550823,Data Booster,0.0032402736161338333,True
C02757,General Offer,General Offer,0.9972673818032946,Roaming Pass,0.001923771770036698,"General Offer""",0.0008088463925950758,True
C01559,General Offer,General Offer,0.9999999999550127,Top-up Promo,5.623413251650514e-12,Streaming Partner Pack,5.623413251650514e-12,True
C09946,General Offer,General Offer,0.9999999999550127,Top-up Promo,5.623413251650514e-12,Streaming Partner Pack,5.623413251650514e-12,True
C06670,Retention Offer,"General Offer""",0.9968079659739277,General Offer,0.003192033986338065,Top-up Promo,5.676328314049446e-12,False
C09065,General Offer,General Offer,0.9991963593820384,"General Offer""",0.0008036405784649112,Top-up Promo,5.642394220523117e-12,True
C07953,General Offer,General Offer,0.9999999999550127,Top-up Promo,5.623413251650514e-12,Streaming Partner Pack,5.623413251650514e-12,True
C02405,General Offer,General Offer,0.9983872809561678,Family Plan Offer,0.0008063595049316076,Data Booster,0.0008063595049316076,True
C06284,Device Upgrade Offer,Device Upgrade Offer,0.9181037540055279,General Offer,0.07754489355527946,Data Booster,0.003471975457540022,True
C01010,Device Upgrade Offer,Device Upgrade Offer,0.7724644988364382,"General Offer""",0.16771731110926624,Data Booster,0.033960709043384676,True
C09820,General Offer,General Offer,0.9999999999550127,Top-up Promo,5.623413251650514e-12,Streaming Partner Pack,5.623413251650514e-12,True
C02315,Retention Offer,"General Offer""",0.9991963593820384,General Offer,0.0008036405784649112,Top-up Promo,5.642394220523117e-12,False
C09709,Device Upgrade Offer,Device Upgrade Offer,0.9508353633789777,General Offer,0.029850723638895127,Data Booster,0.01931391294569835,True
C08088,General Offer,General Offer,0.9991963593820384,Retention Offer,0.0008036405784649112,Top-up Promo,5.642394220523117e-12,True
C08980,Device Upgrade Offer,Device Upgrade Offer,0.9450563460835351,General Offer,0.05289940586983941,Data Booster,0.0020442480104178786,True
C07513,Device Upgrade Offer,Device Upgrade Offer,0.791752513666415,General Offer,0.19710603777357258,"General Offer""",0.007026625585408498,True
C09306,General Offer,General Offer,0.9953133169280172,"General Offer""",0.0019362872663978572,Device Upgrade Offer,0.0019362872663978572,True
C08416,Device Upgrade Offer,Device Upgrade Offer,0.62360744050057,General Offer,0.25617648743017035,Roaming Pass,0.05393076463541348,True
C02747,General Offer,General Offer,0.9943249737519764,Roaming Pass,0.003224747782622973,Streaming Partner Pack,0.0008167594808209258,True
C00411,Device Upgrade Offer,Device Upgrade Offer,0.9686239506471659,General Offer,0.02300435144932368,Data Booster,0.006351297482636501,True
C03734,General Offer,General Offer,0.9999999999550127,Top-up Promo,5.623413251650514e-12,Streaming Partner Pack,5.623413251650514e-12,True
C08096,General Offer,General Offer,0.9999999999550127,Top-up Promo,5.623413251650514e-12,Streaming Partner Pack,5.623413251650514e-12,True
C03426,General Offer,General Offer,0.9999999999550127,Top-up Promo,5.623413251650514e-12,Streaming Partner Pack,5.623413251650514e-12,True
C04613,General Offer,General Offer,0.9999999999550127,Top-up Promo,5.623413251650514e-12,Streaming Partner Pack,5.623413251650514e-12,True
C03375,General Offer,General Offer,0.9824014419976408,Device Upgrade Offer,0.014788925472230164,Data Booster,0.001977990106114557,True
C03363,General Offer,General Offer,0.9785327251613787,Streaming Partner Pack,0.016740180476413468,"General Offer""",0.00472709432700549,True
C05330,Top-up Promo,Streaming Partner Pack,0.9906516390406047,"General Offer""",0.007706930828082065,Retention Offer,0.000820715051251008,False
C04222,Device Upgrade Offer,Device Upgrade Offer,0.9268525013285959,General Offer,0.06660447564667667,Data Booster,0.00654302298786205,True
C02499,Streaming Partner Pack,Device Upgrade Offer,0.5124473613521587,General Offer,0.2908886157300186,Roaming Pass,0.18140594284384248,False
C00340,Device Upgrade Offer,Device Upgrade Offer,0.7176328536128022,General Offer,0.2814305935504891,Retention Offer,0.0009365527972553152,True
C03373,General Offer,General Offer,0.9999999999550127,Top-up Promo,5.623413251650514e-12,Streaming Partner Pack,5.623413251650514e-12,True
C01139,General Offer,General Offer,0.9983872809561679,Roaming Pass,0.0008063595049316077,Device Upgrade Offer,0.0008063595049316077,True
C04942,Top-up Promo,Streaming Partner Pack,0.9871961564825881,General Offer,0.01280384347704407,Top-up Promo,5.766851762768997e-12,True
C00956,General Offer,General Offer,0.9701802074021001,Data Booster,0.02898025327397017,"General Offer""",0.0008395392885632287,True
C01605,Retention Offer,"General Offer""",0.9816719737137746,General Offer,0.0095451524097503,Device Upgrade Offer,0.006267911021833807,False
C09005,General Offer,General Offer,0.9991963593820384,"General Offer""",0.0008036405784649112,Top-up Promo,5.642394220523117e-12,True
C08832,Streaming Partner Pack,General Offer,0.4382605372018617,Device Upgrade Offer,0.42944252592805954,Roaming Pass,0.1098841571108982,False
C00662,General Offer,General Offer,0.9972673818032946,"General Offer""",0.001923771770036698,Device Upgrade Offer,0.0008088463925950758,True
C08906,Data Booster,Data Booster,0.9366853041196532,Device Upgrade Offer,0.058405282270498675,"General Offer""",0.0049094135732879905,True
C00017,Device Upgrade Offer,Device Upgrade Offer,0.9295718778299252,General Offer,0.06389695837015248,Data Booster,0.006531163763123678,True
C09282,General Offer,General Offer,0.9999999999550127,Top-up Promo,5.623413251650514e-12,Streaming Partner Pack,5.623413251650514e-12,True
C01704,General Offer,General Offer,0.9999999999550127,Top-up Promo,5.623413251650514e-12,Streaming Partner Pack,5.623413251650514e-12,True
C09832,Device Upgrade Offer,Device Upgrade Offer,0.8091401939549594,General Offer,0.17092576198585865,Roaming Pass,0.012704133268177795,True
C06122,Data Booster,Data Booster,0.9906236236237852,General Offer,0.00613610272550823,Device Upgrade Offer,0.0032402736161338333,True
C00068,General Offer,General Offer,0.9999999999550127,Top-up Promo,5.623413251650514e-12,Streaming Partner Pack,5.623413251650514e-12,True
C04086,General Offer,General Offer,0.9619051185208733,Top-up Promo,0.017364799908183206,"General Offer""",0.013512386645857077,True
C03924,Roaming Pass,Retention Offer,0.4327229475917776,Data Booster,0.3179654341937628,Device Upgrade Offer,0.21104240548908107,False
C04970,Device Upgrade Offer,Device Upgrade Offer,0.9559571527312759,General Offer,0.040672504024207676,Data Booster,0.003370343208555938,True
C03019,General Offer,General Offer,0.9939216300347296,"General Offer""",0.006078369925315314,Top-up Promo,5.70789782525533e-12,True
C05690,General Offer,General Offer,0.9972673818032946,"General Offer""",0.001923771770036698,Roaming Pass,0.0008088463925950758,True
C02605,Top-up Promo,Streaming Partner Pack,0.9509095774449473,General Offer,0.043359861525024794,Retention Offer,0.004869709795164687,False
C04992,Retention Offer,"General Offer""",0.9400388688240271,General Offer,0.05583735759357071,Family Plan Offer,0.002061886775984474,False
C03438,General Offer,General Offer,0.9999999999550127,Top-up Promo,5.623413251650514e-12,Streaming Partner Pack,5.623413251650514e-12,True
C05467,Voice Bundle,General Offer,0.7616910513470831,Top-up Promo,0.1631163518712345,Streaming Partner Pack,0.0377835829771273,False
C09933,Device Upgrade Offer,Device Upgrade Offer,0.5779967728581771,General Offer,0.39931938346418766,Data Booster,0.019729290157943804,True
C04187,Retention Offer,"General Offer""",0.8849510008470733,General Offer,0.0952054396137209,Family Plan Offer,0.008617295877199015,False
C04832,General Offer,General Offer,0.9991963593820384,"General Offer""",0.0008036405784649112,Top-up Promo,5.642394220523117e-12,True
C00981,General Offer,General Offer,0.9980827280717024,"General Offer""",0.0019172718886793763,Top-up Promo,5.659756910892866e-12,True
C01750,General Offer,General Offer,0.9999999999550127,Top-up Promo,5.623413251650514e-12,Streaming Partner Pack,5.623413251650514e-12,True
C01516,General Offer,General Offer,0.9980827280717024,"General Offer""",0.0019172718886793763,Top-up Promo,5.659756910892866e-12,True
C01294,Retention Offer,"General Offer""",0.9954136841446093,General Offer,0.004586315815544418,Top-up Promo,5.692336120608429e-12,False
C08619,General Offer,General Offer,0.9999999999550127,Top-up Promo,5.623413251650514e-12,Streaming Partner Pack,5.623413251650514e-12,True
C00754,General Offer,General Offer,0.9991963593820384,"General Offer""",0.0008036405784649112,Top-up Promo,5.642394220523117e-12,True
C00969,Data Booster,Data Booster,0.9086606926295369,Device Upgrade Offer,0.04377043962686291,Roaming Pass,0.029396967750181715,True
C07332,Voice Bundle,Top-up Promo,0.40514329345254885,Roaming Pass,0.19293322431079638,Family Plan Offer,0.1602634677854651,False
C00387,Device Upgrade Offer,Device Upgrade Offer,0.8763746610030697,General Offer,0.11423094073566592,Data Booster,0.00849026546726926,True
C07368,General Offer,General Offer,0.9999999999550127,Top-up Promo,5.623413251650514e-12,Streaming Partner Pack,5.623413251650514e-12,True
C05925,General Offer,General Offer,0.9853581279583374,Device Upgrade Offer,0.014641872001196005,Top-up Promo,5.780936172525237e-12,True
C04676,General Offer,General Offer,0.9999999999550127,Top-up Promo,5.623413251650514e-12,Streaming Partner Pack,5.623413251650514e-12,True
C07326,Retention Offer,"General Offer""",0.941417816290866,General Offer,0.02395728222618019,Data Booster,0.02183768991143275,False
C08706,Data Booster,Data Booster,0.986070329630609,Device Upgrade Offer,0.011133919362103357,General Offer,0.001968217470531872,True
C01305,Retention Offer,"General Offer""",0.9991963593820384,General Offer,0.0008036405784649112,Top-up Promo,5.642394220523117e-12,False
C01859,Device Upgrade Offer,Device Upgrade Offer,0.83000117374429,"General Offer""",0.1305363315928281,General Offer,0.021391697134122513,True
C06396,Device Upgrade Offer,Device Upgrade Offer,0.8274456285215911,General Offer,0.15510799212592433,Data Booster,0.016517530330390745,True
C00955,General Offer,General Offer,0.9972673818032946,Roaming Pass,0.001923771770036698,"General Offer""",0.0008088463925950758,True
C01348,Top-up Promo,Streaming Partner Pack,0.9225370401023488,"General Offer""",0.07450617248800732,General Offer,0.0020815876024510072,False
C07184,General Offer,General Offer,0.9972673818032946,Retention Offer,0.001923771770036698,Top-up Promo,0.0008088463925950758,True
C01883,General Offer,General Offer,0.9527925159681826,Streaming Partner Pack,0.03212753126985091,"General Offer""",0.01165867530465861,True
C09639,General Offer,General Offer,0.9905929212342554,Roaming Pass,0.004662340343145059,"General Offer""",0.0019602726406217274,True
C04345,General Offer,General Offer,0.5507468951748403,Device Upgrade Offer,0.44600871810820214,Roaming Pass,0.0022840584160864676,True
C06014,General Offer,General Offer,0.9999999999550127,Top-up Promo,5.623413251650514e-12,Streaming Partner Pack,5.623413251650514e-12,True
C09583,Device Upgrade Offer,Device Upgrade Offer,0.9295718778299252,General Offer,0.06389695837015248,Data Booster,0.006531163763123678,True
C02162,Device Upgrade Offer,Device Upgrade Offer,0.6799283263865655,Family Plan Offer,0.16264488714754105,General Offer,0.11103463234920895,True
C08350,General Offer,General Offer,0.9991963593820384,"General Offer""",0.0008036405784649112,Top-up Promo,5.642394220523117e-12,True
C07359,General Offer,General Offer,0.5194477752144914,Device Upgrade Offer,0.46837014757793544,Data Booster,0.005551312753353806,True
C00637,General Offer,General Offer,0.9999999999550127,Top-up Promo,5.623413251650514e-12,Streaming Partner Pack,5.623413251650514e-12,True
C09794,General Offer,General Offer,0.9999999999550127,Top-up Promo,5.623413251650514e-12,Streaming Partner Pack,5.623413251650514e-12,True
C09868,General Offer,General Offer,0.9991963593820384,Retention Offer,0.0008036405784649112,Top-up Promo,5.642394220523117e-12,True
C07435,Device Upgrade Offer,Device Upgrade Offer,0.5618875967556046,"General Offer""",0.32608374505365045,General Offer,0.07331396795384425,True
C02225,General Offer,General Offer,0.9983872809561679,Streaming Partner Pack,0.0008063595049316077,"General Offer""",0.0008063595049316077,True
C05171,General Offer,General Offer,0.9917547331703441,Device Upgrade Offer,0.004647835049784389,Family Plan Offer,0.0019541739160271318,True
C04876,General Offer,General Offer,0.9804833207359964,Device Upgrade Offer,0.016700271253022963,Data Booster,0.0019827600658672696,True
C02540,Streaming Partner Pack,Roaming Pass,0.7210219785433061,General Offer,0.26776584028576256,Device Upgrade Offer,0.008946280163472537,False
C09041,General Offer,General Offer,0.9906236236237852,Data Booster,0.00613610272550823,Device Upgrade Offer,0.0032402736161338333,True
C08171,General Offer,General Offer,0.9991963593820384,"General Offer""",0.0008036405784649112,Top-up Promo,5.642394220523117e-12,True
C00424,Data Booster,Data Booster,0.571459781597978,Roaming Pass,0.22476999968833272,General Offer,0.1906820170613881,True
C03286,General Offer,General Offer,0.9980827280717024,Retention Offer,0.0019172718886793763,Top-up Promo,5.659756910892866e-12,True
C07437,Streaming Partner Pack,Roaming Pass,0.5623475838080755,General Offer,0.412131238829201,Data Booster,0.01552607089427239,False
C03081,General Offer,General Offer,0.9964465009984514,Family Plan Offer,0.0019303090296732407,Retention Offer,0.0008115949716920517,True
C04046,Device Upgrade Offer,Device Upgrade Offer,0.9500561357125021,General Offer,0.045688004421451295,Data Booster,0.003395781245516607,True
C09655,Retention Offer,"General Offer""",0.9980827280717024,General Offer,0.0019172718886793763,Top-up Promo,5.659756910892866e-12,False
C08066,General Offer,General Offer,0.9991963593820384,Roaming Pass,0.0008036405784649112,Top-up Promo,5.642394220523117e-12,True
C07415,Data Booster,Data Booster,0.8598537853545678,General Offer,0.13800360575655238,Device Upgrade Offer,0.0021426088509300468,True
C04355,General Offer,General Offer,0.9972673818032946,Roaming Pass,0.001923771770036698,Device Upgrade Offer,0.0008088463925950758,True
C06203,General Offer,General Offer,0.9991963593820383,Device Upgrade Offer,0.0008036405784649111,Top-up Promo,5.642394220523117e-12,True
C02536,General Offer,General Offer,0.9999999999550127,Top-up Promo,5.623413251650514e-12,Streaming Partner Pack,5.623413251650514e-12,True
C08761,General Offer,General Offer,0.9972673818032946,Roaming Pass,0.001923771770036698,"General Offer""",0.0008088463925950758,True
C03209,General Offer,General Offer,0.9999999999550127,Top-up Promo,5.623413251650514e-12,Streaming Partner Pack,5.623413251650514e-12,True
C09387,General Offer,General Offer,0.9834660010845833,Streaming Partner Pack,0.016533998874853153,Top-up Promo,5.794802191479708e-12,True
C00597,Device Upgrade Offer,Device Upgrade Offer,0.8277703988903368,General Offer,0.16078284489189215,Data Booster,0.01052258995100768,True
C01181,Data Booster,Data Booster,0.9148078689718293,Device Upgrade Offer,0.048160755635653425,General Offer,0.02455213620881602,True
C00365,General Offer,General Offer,0.9921388020888506,Roaming Pass,0.004629807122790616,Data Booster,0.003231390753880845,True
C01459,General Offer,General Offer,0.9687494632571197,Device Upgrade Offer,0.027065366603306235,Roaming Pass,0.0033393774035290905,True
C01968,Device Upgrade Offer,Device Upgrade Offer,0.9536232590888889,General Offer,0.03651347775194876,Data Booster,0.00645473193077678,True
C06925,General Offer,General Offer,0.9948518197013417,Roaming Pass,0.0032127907968834716,Device Upgrade Offer,0.0019353894674954497,True
C09808,General Offer,General Offer,0.9980827280717024,"General Offer""",0.0019172718886793763,Top-up Promo,5.659756910892866e-12,True
C06745,Retention Offer,"General Offer""",0.9948518197013417,General Offer,0.0032127907968834716,Retention Offer,0.0019353894674954497,True
C08288,General Offer,General Offer,0.83273954428946,Device Upgrade Offer,0.1496235061836947,"General Offer""",0.008778168207224104,True
C00532,General Offer,General Offer,0.9951582562035968,Roaming Pass,0.003213780407953962,Family Plan Offer,0.0008139816799371173,True
C06453,Data Booster,Data Booster,0.9844816507671424,General Offer,0.014692148947168323,Device Upgrade Offer,0.0008262002508844629,True
C07139,Device Upgrade Offer,Device Upgrade Offer,0.9634197608042933,General Offer,0.035735329460556776,Roaming Pass,0.0008449096995571388,True
C06163,General Offer,General Offer,0.9945845662566775,"General Offer""",0.004601921274186335,Top-up Promo,0.0008135124348659485,True
C06200,Data Booster,Data Booster,0.9701802074021,General Offer,0.028980253273970167,Device Upgrade Offer,0.0008395392885632286,True
C03436,General Offer,General Offer,0.9999999999550127,Top-up Promo,5.623413251650514e-12,Streaming Partner Pack,5.623413251650514e-12,True
C02178,Streaming Partner Pack,Device Upgrade Offer,0.4218247795358526,General Offer,0.37325815168860044,Roaming Pass,0.1773554724884435,False
C08987,Data Booster,Data Booster,0.5719492851202194,General Offer,0.22455171876154317,Roaming Pass,0.09942500071218376,True
C02036,General Offer,General Offer,0.9975727178537511,"General Offer""",0.0008090940392818595,Device Upgrade Offer,0.0008090940392818595,True
C08758,General Offer,General Offer,0.9999999999550127,Top-up Promo,5.623413251650514e-12,Streaming Partner Pack,5.623413251650514e-12,True
C09067,General Offer,General Offer,0.9991963593820384,Roaming Pass,0.0008036405784649112,Top-up Promo,5.642394220523117e-12,True
C08868,General Offer,General Offer,0.9983872809561678,Family Plan Offer,0.0008063595049316076,Data Booster,0.0008063595049316076,True
C06857,Data Booster,Data Booster,0.9686239506471659,General Offer,0.02300435144932368,Device Upgrade Offer,0.006351297482636501,True
C02026,Data Booster,Data Booster,0.985898889347305,General Offer,0.00942068806789879,Device Upgrade Offer,0.004680422549941418,True
C04755,Streaming Partner Pack,Roaming Pass,0.7633946888804487,General Offer,0.1886471772514292,Data Booster,0.02905165523634986,False
C04062,General Offer,General Offer,0.9991963593820384,Roaming Pass,0.0008036405784649112,Top-up Promo,5.642394220523117e-12,True
C03677,General Offer,General Offer,0.9999999999550127,Top-up Promo,5.623413251650514e-12,Streaming Partner Pack,5.623413251650514e-12,True
C02519,Device Upgrade Offer,Device Upgrade Offer,0.6432002793344831,General Offer,0.3520711319168294,Data Booster,0.003772975026424119,True
C09119,Family Plan Offer,Family Plan Offer,0.9084945987546467,General Offer,0.07861858990104441,Device Upgrade Offer,0.011995258398405866,True
C02010,Top-up Promo,Streaming Partner Pack,0.9939216300347296,General Offer,0.006078369925315314,Top-up Promo,5.70789782525533e-12,True
C05345,General Offer,General Offer,0.9999999999550127,Top-up Promo,5.623413251650514e-12,Streaming Partner Pack,5.623413251650514e-12,True
C08588,Data Booster,Data Booster,0.9886773723027316,Device Upgrade Offer,0.009366145679166547,General Offer,0.00195648198344889,True
C08074,Retention Offer,"General Offer""",0.9943249737519764,General Offer,0.003224747782622973,Family Plan Offer,0.0008167594808209258,False
C08918,Retention Offer,"General Offer""",0.6849640202230899,Device Upgrade Offer,0.25530081814073535,General Offer,0.047833421848012404,False
C04156,Device Upgrade Offer,Device Upgrade Offer,0.9667022106431143,General Offer,0.029265005452411126,Roaming Pass,0.002016391937356361,True
C07073,Data Booster,Data Booster,0.9675062591590327,Device Upgrade Offer,0.029158648852148913,General Offer,0.003335091953234059,True
C05275,Data Booster,Data Booster,0.9668481114571298,"General Offer""",0.019022991590614723,Device Upgrade Offer,0.013277166306663335,True
C01924,Device Upgrade Offer,Device Upgrade Offer,0.9320855059162563,General Offer,0.06376766719699584,Roaming Pass,0.002073413428072194,True
C07505,Retention Offer,"General Offer""",0.9948518197013417,General Offer,0.0032127907968834716,Retention Offer,0.0019353894674954497,True
C02035,General Offer,General Offer,0.9991963593820383,Family Plan Offer,0.0008036405784649111,Top-up Promo,5.642394220523117e-12,True
C07520,Retention Offer,"General Offer""",0.9865839498685979,Streaming Partner Pack,0.0062173589527646945,General Offer,0.004704012047790383,False
C05483,General Offer,Device Upgrade Offer,0.5484613562065135,General Offer,0.40153341250104657,Data Booster,0.03748312261238686,True
C01338,General Offer,General Offer,0.9999999999550127,Top-up Promo,5.623413251650514e-12,Streaming Partner Pack,5.623413251650514e-12,True
C03244,Retention Offer,"General Offer""",0.45376730266744725,General Offer,0.4012298384932015,Streaming Partner Pack,0.12626065153166854,False
C08724,Data Booster,Data Booster,0.9723556713384248,General Offer,0.026806621698216446,Device Upgrade Offer,0.0008377069280692639,True
C01581,Device Upgrade Offer,Device Upgrade Offer,0.6869713843619597,Roaming Pass,0.15851686043626603,General Offer,0.12733938581288695,True
C08661,General Offer,General Offer,0.9999999999550127,Top-up Promo,5.623413251650514e-12,Streaming Partner Pack,5.623413251650514e-12,True
C04883,General Offer,General Offer,0.9999999999550127,Top-up Promo,5.623413251650514e-12,Streaming Partner Pack,5.623413251650514e-12,True
C09205,General Offer,General Offer,0.9999999999550127,Top-up Promo,5.623413251650514e-12,Streaming Partner Pack,5.623413251650514e-12,True
C09302,General Offer,General Offer,0.988976490294749,"General Offer""",0.01102350966498347,Top-up Promo,5.752531054798397e-12,True
C02731,General Offer,General Offer,0.9999999999550127,Top-up Promo,5.623413251650514e-12,Streaming Partner Pack,5.623413251650514e-12,True
C07427,General Offer,General Offer,0.9999999999550127,Top-up Promo,5.623413251650514e-12,Streaming Partner Pack,5.623413251650514e-12,True
C09595,General Offer,General Offer,0.9999999999550127,Top-up Promo,5.623413251650514e-12,Streaming Partner Pack,5.623413251650514e-12,True
C00996,General Offer,General Offer,0.997572717853751,"General Offer""",0.0008090940392818593,Family Plan Offer,0.0008090940392818593,True
C07384,General Offer,General Offer,0.9968079659739277,Roaming Pass,0.003192033986338065,Top-up Promo,5.676328314049446e-12,True
C08754,General Offer,General Offer,0.9959859041715512,"General Offer""",0.0032028759737511084,Streaming Partner Pack,0.0008112198205240613,True
C07160,Streaming Partner Pack,Roaming Pass,0.9724511933490381,General Offer,0.022788538467975746,Data Booster,0.004760268147536859,False
C02868,Roaming Pass,Retention Offer,0.779759291947422,General Offer,0.1411019229233369,Data Booster,0.07913878508863485,False
C01015,Data Booster,Data Booster,0.96299851033623,Device Upgrade Offer,0.033652057445832995,General Offer,0.0033494321821996376,True
C07790,Data Booster,Data Booster,0.955357559490869,Device Upgrade Offer,0.02541421557175531,General Offer,0.019228224901108343,True
C02153,General Offer,General Offer,0.9964465009984516,"General Offer""",0.001930309029673241,Streaming Partner Pack,0.0008115949716920517,True
C02655,General Offer,General Offer,0.9959859041715512,Roaming Pass,0.0032028759737511084,Retention Offer,0.0008112198205240613,True
C05749,Device Upgrade Offer,Device Upgrade Offer,0.8429796483959678,Roaming Pass,0.07362518771481734,General Offer,0.06230694839504403,True
C04527,Family Plan Offer,Family Plan Offer,0.5505135688540675,General Offer,0.3716355629811112,Device Upgrade Offer,0.04637006036396312,True
C06346,General Offer,General Offer,0.8397214200552963,Device Upgrade Offer,0.16027857990032257,Top-up Promo,6.340176782307749e-12,True
C07061,Device Upgrade Offer,Device Upgrade Offer,0.9114468319456985,General Offer,0.0859087630761262,Roaming Pass,0.0008814683178066848,True
C09787,General Offer,General Offer,0.9717818927218096,Family Plan Offer,0.0228742017511745,"General Offer""",0.0033349357481009395,True
C01663,Retention Offer,"General Offer""",0.9964465009984514,General Offer,0.0019303090296732407,Top-up Promo,0.0008115949716920517,False
C08998,Streaming Partner Pack,Roaming Pass,0.7232654647038977,Device Upgrade Offer,0.19398345755062354,General Offer,0.04280147021321273,False
C03883,Data Booster,Data Booster,0.987196156482588,Device Upgrade Offer,0.01280384347704407,Top-up Promo,5.7668517627689965e-12,True
C02728,Device Upgrade Offer,Device Upgrade Offer,0.7239696806443934,"General Offer""",0.22374379621125917,Data Booster,0.04673755044932653,True
C00500,General Offer,General Offer,0.9991963593820384,Retention Offer,0.0008036405784649112,Top-up Promo,5.642394220523117e-12,True
C08211,Retention Offer,"General Offer""",0.9795792251001215,General Offer,0.01675808340126478,Device Upgrade Offer,0.0019896238836531704,False
C07426,General Offer,General Offer,0.9999999999550127,Top-up Promo,5.623413251650514e-12,Streaming Partner Pack,5.623413251650514e-12,True
C04855,General Offer,General Offer,0.9972673818032946,Roaming Pass,0.001923771770036698,Data Booster,0.0008088463925950758,True
C05022,Data Booster,Data Booster,0.9844816507671424,Device Upgrade Offer,0.014692148947168323,General Offer,0.0008262002508844629,True
C03493,Data Booster,Data Booster,0.9954136841446093,Device Upgrade Offer,0.004586315815544418,Top-up Promo,5.692336120608429e-12,True
C02421,General Offer,General Offer,0.9999999999550127,Top-up Promo,5.623413251650514e-12,Streaming Partner Pack,5.623413251650514e-12,True
C03965,General Offer,General Offer,0.9975727178537511,"General Offer""",0.0008090940392818595,Device Upgrade Offer,0.0008090940392818595,True
C08308,Top-up Promo,Streaming Partner Pack,0.9642429456425171,"General Offer""",0.025188414577180396,General Offer,0.009715369195630902,False
C08844,General Offer,General Offer,0.997572717853751,Roaming Pass,0.0008090940392818593,Retention Offer,0.0008090940392818593,True
C03947,General Offer,General Offer,0.9999999999550127,Top-up Promo,5.623413251650514e-12,Streaming Partner Pack,5.623413251650514e-12,True
C08194,General Offer,General Offer,0.9686975054408384,Roaming Pass,0.02507823692803224,Data Booster,0.003354165562304652,True
C02796,General Offer,General Offer,0.9871492445841844,Roaming Pass,0.006194025935396127,"General Offer""",0.004686358443479145,True
C09066,General Offer,General Offer,0.9470798613486107,Device Upgrade Offer,0.045966977566568035,Data Booster,0.004895047223200294,True
C02615,General Offer,General Offer,0.9954136841446093,"General Offer""",0.004586315815544418,Top-up Promo,5.692336120608429e-12,True
C02642,General Offer,General Offer,0.9983872809561679,Roaming Pass,0.0008063595049316077,Data Booster,0.0008063595049316077,True
C02761,General Offer,General Offer,0.9736805783741272,Roaming Pass,0.014983218814580302,Data Booster,0.011336202775798268,True
C05284,General Offer,General Offer,0.9601638658443266,"General Offer""",0.036099110432610514,Roaming Pass,0.002030002159886696,True
C01435,Retention Offer,"General Offer""",0.9954136841446093,General Offer,0.004586315815544418,Top-up Promo,5.692336120608429e-12,False
C06074,Data Booster,Data Booster,0.8515014925822062,Roaming Pass,0.08337744156165605,General Offer,0.05819358919258383,True
C06048,Device Upgrade Offer,Device Upgrade Offer,0.94095746784918,General Offer,0.05563232142204306,Data Booster,0.00341021069239115,True
C05899,General Offer,General Offer,0.9910870922474476,"General Offer""",0.006138973534377535,Roaming Pass,0.0019528583826264232,True
C04089,General Offer,General Offer,0.9919357751657327,Top-up Promo,0.006118029035822021,Roaming Pass,0.0019461957639744616,True
C08767,Data Booster,Data Booster,0.8768127909884295,Device Upgrade Offer,0.11189016549115398,General Offer,0.006798014697304766,True
C01923,Streaming Partner Pack,Roaming Pass,0.7682269856475479,General Offer,0.19340680621570572,Data Booster,0.024007093301485885,False
C09822,General Offer,General Offer,0.9975727178537511,Roaming Pass,0.0008090940392818595,Device Upgrade Offer,0.0008090940392818595,True
C00975,Device Upgrade Offer,Device Upgrade Offer,0.9449035172727933,General Offer,0.05509648268516535,Top-up Promo,6.005897333171529e-12,True
C08977,Retention Offer,"General Offer""",0.600989470534621,Device Upgrade Offer,0.3043567317880941,General Offer,0.07300870805872929,False
C03753,General Offer,General Offer,0.9919357751657327,"General Offer""",0.006118029035822021,Streaming Partner Pack,0.0019461957639744616,True
C08751,General Offer,General Offer,0.9999999999550127,Top-up Promo,5.623413251650514e-12,Streaming Partner Pack,5.623413251650514e-12,True
C03418,Device Upgrade Offer,Device Upgrade Offer,0.9195230592922887,General Offer,0.07960460022178013,Data Booster,0.0008723404491826657,True
C07349,General Offer,General Offer,0.9782010382045434,Device Upgrade Offer,0.01680819395199673,Data Booster,0.0033126973688291984,True
C08563,General Offer,General Offer,0.9999999999550127,Top-up Promo,5.623413251650514e-12,Streaming Partner Pack,5.623413251650514e-12,True
C00651,General Offer,General Offer,0.9972673818032946,"General Offer""",0.001923771770036698,Retention Offer,0.0008088463925950758,True
C09442,Device Upgrade Offer,Device Upgrade Offer,0.6565914345041809,General Offer,0.31449061886306956,Roaming Pass,0.02424572462549211,True
C07943,Data Booster,Data Booster,0.9528479980881599,General Offer,0.027730773946001715,Device Upgrade Offer,0.017360125830346976,True
C00528,General Offer,General Offer,0.9980827280717024,"General Offer""",0.0019172718886793763,Top-up Promo,5.659756910892866e-12,True
C08038,General Offer,General Offer,0.9999999999550127,Top-up Promo,5.623413251650514e-12,Streaming Partner Pack,5.623413251650514e-12,True
C09843,General Offer,General Offer,0.8546633628457099,"General Offer""",0.06979710499502936,Streaming Partner Pack,0.045463581291623326,True
C00010,General Offer,General Offer,0.9999999999550127,Top-up Promo,5.623413251650514e-12,Streaming Partner Pack,5.623413251650514e-12,True
C09529,General Offer,General Offer,0.9983872809561679,Roaming Pass,0.0008063595049316077,Device Upgrade Offer,0.0008063595049316077,True
C04894,General Offer,General Offer,0.9708387628492217,Device Upgrade Offer,0.022852001972453875,Data Booster,0.006309235142776333,True
C02984,General Offer,General Offer,0.9817077136471,Roaming Pass,0.013011512965273017,"General Offer""",0.0032955372917776037,True
C05531,Device Upgrade Offer,Device Upgrade Offer,0.9138197056369298,General Offer,0.08530502071708672,Roaming Pass,0.0008752736091116056,True
C01528,General Offer,General Offer,0.9972673818032946,Roaming Pass,0.001923771770036698,"General Offer""",0.0008088463925950758,True
C06119,General Offer,General Offer,0.9999999999550127,Top-up Promo,5.623413251650514e-12,Streaming Partner Pack,5.623413251650514e-12,True
C03648,Device Upgrade Offer,Device Upgrade Offer,0.7419851907363101,General Offer,0.25109113004032374,Data Booster,0.0037310740961803194,True
C06669,General Offer,General Offer,0.997572717853751,Roaming Pass,0.0008090940392818593,Retention Offer,0.0008090940392818593,True
C01787,General Offer,General Offer,0.9810395849012796,Device Upgrade Offer,0.014832999773186382,Data Booster,0.003293294421351966,True
C00211,Device Upgrade Offer,Device Upgrade Offer,0.569204024802935,General Offer,0.4265816321773337,Retention Offer,0.0022892884997653853,True
C08532,Device Upgrade Offer,Device Upgrade Offer,0.8751979173673785,General Offer,0.1116840913113932,Data Booster,0.012210444567085818,True
C07301,General Offer,General Offer,0.9991963593820383,Device Upgrade Offer,0.0008036405784649111,Top-up Promo,5.642394220523117e-12,True
C00863,Device Upgrade Offer,Device Upgrade Offer,0.9774930735015495,General Offer,0.02250692645760402,Top-up Promo,5.835226464962209e-12,True
C08841,General Offer,General Offer,0.9891907013881361,Roaming Pass,0.006153557944199638,Device Upgrade Offer,0.00465574063299331,True
C06031,Streaming Partner Pack,Device Upgrade Offer,0.4747589809946208,General Offer,0.3064498835808647,Roaming Pass,0.2110168513152991,False
C03718,General Offer,General Offer,0.9930851717256162,Roaming Pass,0.006099087158702095,"General Offer""",0.0008157410813176431,True
C05144,General Offer,General Offer,0.9809464427522572,Streaming Partner Pack,0.011221482563008783,Retention Offer,0.007832074649599096,True
C08192,General Offer,General Offer,0.9999999999550127,Top-up Promo,5.623413251650514e-12,Streaming Partner Pack,5.623413251650514e-12,True
C09327,General Offer,General Offer,0.9945845662566776,Roaming Pass,0.004601921274186336,"General Offer""",0.0008135124348659487,True
C08256,General Offer,General Offer,0.9991963593820384,Roaming Pass,0.0008036405784649112,Top-up Promo,5.642394220523117e-12,True
C09949,General Offer,General Offer,0.990901970092359,Device Upgrade Offer,0.004663794917398774,Family Plan Offer,0.001960884213759562,True
C05508,General Offer,General Offer,0.9696249706806681,Top-up Promo,0.018992192117666392,Roaming Pass,0.009682133962029155,True
C06182,General Offer,General Offer,0.8534019975655934,Roaming Pass,0.07660617150464032,Top-up Promo,0.033433549426510376,True
C06673,General Offer,General Offer,0.9999999999550127,Top-up Promo,5.623413251650514e-12,Streaming Partner Pack,5.623413251650514e-12,True
C07940,General Offer,General Offer,0.9991963593820384,Roaming Pass,0.0008036405784649112,Top-up Promo,5.642394220523117e-12,True
C04380,General Offer,General Offer,0.9107975872695468,Device Upgrade Offer,0.08116598620990807,Family Plan Offer,0.005031493361301899,True
C00200,Data Booster,Data Booster,0.8712972993847656,Device Upgrade Offer,0.09230390058615673,General Offer,0.03639879999042336,True
C09740,Device Upgrade Offer,Device Upgrade Offer,0.4902278620287498,Family Plan Offer,0.2580562849665552,General Offer,0.17537414576626903,True
C00749,Device Upgrade Offer,Device Upgrade Offer,0.8273150693442926,Roaming Pass,0.05521096383276921,Data Booster,0.05246435887948437,True
C07502,General Offer,General Offer,0.9972673818032946,Data Booster,0.001923771770036698,"General Offer""",0.0008088463925950758,True
C01187,General Offer,General Offer,0.9816898916242157,Roaming Pass,0.016648028269080618,Retention Offer,0.0008310400387649681,True
C02523,Top-up Promo,Streaming Partner Pack,0.9786284472234353,"General Offer""",0.020539481916682173,General Offer,0.0008320708248305362,False
C07499,Device Upgrade Offer,Device Upgrade Offer,0.9486030922048511,General Offer,0.04800632012013516,Data Booster,0.0033905876388372496,True
C05222,Top-up Promo,Streaming Partner Pack,0.9711103010513233,General Offer,0.026891012454494188,"General Offer""",0.001998686458781956,False
C02940,General Offer,General Offer,0.9939216300347296,"General Offer""",0.006078369925315314,Top-up Promo,5.70789782525533e-12,True
C02141,General Offer,General Offer,0.9983872809561679,Roaming Pass,0.0008063595049316077,Retention Offer,0.0008063595049316077,True
C01576,General Offer,General Offer,0.9875824412076712,Device Upgrade Offer,0.007749343738428165,Data Booster,0.004668215019136729,True
C08452,General Offer,General Offer,0.7519558838461037,Device Upgrade Offer,0.24488509746664996,Data Booster,0.0022239590556411247,True
C06183,General Offer,General Offer,0.9991963593820384,"General Offer""",0.0008036405784649112,Top-up Promo,5.642394220523117e-12,True
C01571,Device Upgrade Offer,Device Upgrade Offer,0.9185259015098092,Roaming Pass,0.07489619904276186,General Offer,0.006577899410367121,True
C04838,Device Upgrade Offer,Device Upgrade Offer,0.9514357697985238,General Offer,0.04771075424748129,Roaming Pass,0.00085347591804124,True
C03276,General Offer,General Offer,0.9991963593820384,Streaming Partner Pack,0.0008036405784649112,Top-up Promo,5.642394220523117e-12,True
C01090,General Offer,General Offer,0.9991963593820383,Top-up Promo,0.0008036405784649111,Streaming Partner Pack,5.642394220523117e-12,True
C09857,General Offer,General Offer,0.9825809658949058,Roaming Pass,0.016590848351493766,"General Offer""",0.000828185718712172,True
C01691,General Offer,General Offer,0.9702307968835439,Device Upgrade Offer,0.017045535839444733,"General Offer""",0.006361833623570528,True
C03053,General Offer,Device Upgrade Offer,0.49954015747285035,General Offer,0.4693728880495328,Data Booster,0.015610629921026582,True
C06427,General Offer,General Offer,0.9898428926664823,Device Upgrade Offer,0.009337062261574613,"General Offer""",0.0008200450373977733,True
C02024,General Offer,General Offer,0.9999999999550127,Top-up Promo,5.623413251650514e-12,Streaming Partner Pack,5.623413251650514e-12,True
C07708,Family Plan Offer,Family Plan Offer,0.46338035986725684,Roaming Pass,0.2958542288238335,General Offer,0.17569501242626753,True
C09035,Device Upgrade Offer,Device Upgrade Offer,0.989190701388136,General Offer,0.006153557944199637,Data Booster,0.004655740632993309,True
C00451,General Offer,General Offer,0.9567599755072778,Device Upgrade Offer,0.038407076473274585,Data Booster,0.004832947983457073,True
C03459,General Offer,General Offer,0.9717997569644489,Roaming Pass,0.015087915632268424,"General Offer""",0.011415415685252568,True
C02028,General Offer,General Offer,0.9991963593820384,Retention Offer,0.0008036405784649112,Top-up Promo,5.642394220523117e-12,True
C09346,General Offer,General Offer,0.9933337563397742,Roaming Pass,0.0019489386280863853,Family Plan Offer,0.0019489386280863853,True
C09303,General Offer,General Offer,0.9983872809561679,Retention Offer,0.0008063595049316077,"General Offer""",0.0008063595049316077,True
C00976,Device Upgrade Offer,Device Upgrade Offer,0.9153364173377776,General Offer,0.06836644362520869,Data Booster,0.010227702005071893,True
C04635,Data Booster,Data Booster,0.9524551294826258,General Offer,0.047544870475574104,Top-up Promo,5.9714558565098574e-12,True
C06149,General Offer,General Offer,0.9940177492908678,"General Offer""",0.0032237514067640937,Retention Offer,0.0019419921535280603,True
C08248,General Offer,General Offer,0.9999999999550127,Top-up Promo,5.623413251650514e-12,Streaming Partner Pack,5.623413251650514e-12,True
C07541,General Offer,General Offer,0.9855060603781435,Family Plan Offer,0.006237627470140768,Roaming Pass,0.003293885487729463,True
C01678,General Offer,General Offer,0.9999999999550127,Top-up Promo,5.623413251650514e-12,Streaming Partner Pack,5.623413251650514e-12,True
C05551,Device Upgrade Offer,Device Upgrade Offer,0.9140304178446128,General Offer,0.08299758187627952,Roaming Pass,0.002092297510227977,True
C01098,Top-up Promo,Streaming Partner Pack,0.9735948602594408,"General Offer""",0.020796779036560232,General Offer,0.004765866537669152,False
C02103,General Offer,General Offer,0.9999999999550127,Top-up Promo,5.623413251650514e-12,Streaming Partner Pack,5.623413251650514e-12,True
C08205,General Offer,General Offer,0.9964465009984514,Roaming Pass,0.0019303090296732407,"General Offer""",0.0008115949716920517,True
C03050,General Offer,General Offer,0.9999999999550127,Top-up Promo,5.623413251650514e-12,Streaming Partner Pack,5.623413251650514e-12,True
C04231,General Offer,General Offer,0.9968079659739277,Retention Offer,0.003192033986338065,Top-up Promo,5.676328314049446e-12,True
C07125,General Offer,General Offer,0.9999999999550127,Top-up Promo,5.623413251650514e-12,Streaming Partner Pack,5.623413251650514e-12,True
C02974,General Offer,General Offer,0.9999999999550127,Top-up Promo,5.623413251650514e-12,Streaming Partner Pack,5.623413251650514e-12,True
C08890,General Offer,General Offer,0.9983872809561679,Roaming Pass,0.0008063595049316077,"General Offer""",0.0008063595049316077,True
C07212,General Offer,General Offer,0.9999999999550127,Top-up Promo,5.623413251650514e-12,Streaming Partner Pack,5.623413251650514e-12,True
C04428,General Offer,General Offer,0.9991963593820384,Retention Offer,0.0008036405784649112,Top-up Promo,5.642394220523117e-12,True
C09756,Data Booster,Data Booster,0.6533201118615881,Retention Offer,0.33013722553954417,Device Upgrade Offer,0.011051843224196382,True
C01683,Retention Offer,"General Offer""",0.9834660010845833,General Offer,0.016533998874853153,Top-up Promo,5.794802191479708e-12,False
C04617,Device Upgrade Offer,Device Upgrade Offer,0.8612714981160955,General Offer,0.11944390107711839,Data Booster,0.012395994156891504,True
C01192,Data Booster,Data Booster,0.7619662281798585,Retention Offer,0.22536080254552102,General Offer,0.012672969234940887,True
C05450,General Offer,General Offer,0.9983872809561679,"General Offer""",0.0008063595049316077,Data Booster,0.0008063595049316077,True
C07245,Device Upgrade Offer,Device Upgrade Offer,0.6941744446303774,General Offer,0.3048849967732324,Roaming Pass,0.0009405585567681498,True
C09064,General Offer,General Offer,0.9999999999550127,Top-up Promo,5.623413251650514e-12,Streaming Partner Pack,5.623413251650514e-12,True
C05973,General Offer,General Offer,0.9959269478574229,Top-up Promo,0.0008146104250837656,Roaming Pass,0.0008146104250837656,True
C05117,General Offer,General Offer,0.7648068558234188,Device Upgrade Offer,0.23056950709622476,Data Booster,0.003689233334211119,True
C09866,General Offer,General Offer,0.9991963593820384,"General Offer""",0.0008036405784649112,Top-up Promo,5.642394220523117e-12,True
C03693,General Offer,General Offer,0.9999999999550127,Top-up Promo,5.623413251650514e-12,Streaming Partner Pack,5.623413251650514e-12,True
C09452,Device Upgrade Offer,Device Upgrade Offer,0.775958902397532,General Offer,0.21943096693430347,Data Booster,0.0036784564706255525,True
C05291,Retention Offer,"General Offer""",0.9972673818032946,General Offer,0.001923771770036698,Retention Offer,0.0008088463925950758,True
C03962,General Offer,General Offer,0.9991963593820384,"General Offer""",0.0008036405784649112,Top-up Promo,5.642394220523117e-12,True
C01326,General Offer,General Offer,0.9972673818032946,Roaming Pass,0.001923771770036698,Data Booster,0.0008088463925950758,True
C04218,General Offer,General Offer,0.9823668854106641,"General Offer""",0.011237731638216545,Family Plan Offer,0.004724884125079774,True
C03155,General Offer,General Offer,0.9538576268324594,Device Upgrade Offer,0.03635530080430774,Data Booster,0.009787072327022469,True
C04574,Streaming Partner Pack,Roaming Pass,0.760515508969764,General Offer,0.21022520892561591,Device Upgrade Offer,0.01722444127097426,False
C09408,Retention Offer,"General Offer""",0.9863280678609228,General Offer,0.012847748644534978,Streaming Partner Pack,0.0008241834598225463,False
C01973,General Offer,General Offer,0.9999999999550127,Top-up Promo,5.623413251650514e-12,Streaming Partner Pack,5.623413251650514e-12,True
C02991,Device Upgrade Offer,Device Upgrade Offer,0.9569848678357972,General Offer,0.029633163608238002,Data Booster,0.013381968519801335,True
C09283,General Offer,General Offer,0.9999999999550127,Top-up Promo,5.623413251650514e-12,Streaming Partner Pack,5.623413251650514e-12,True
C06889,Top-up Promo,Streaming Partner Pack,0.9206743711638106,"General Offer""",0.07932562879346654,Top-up Promo,6.103274970478923e-12,True
C00345,General Offer,General Offer,0.9999999999550127,Top-up Promo,5.623413251650514e-12,Streaming Partner Pack,5.623413251650514e-12,True
C04411,General Offer,General Offer,0.9972673818032946,"General Offer""",0.001923771770036698,Roaming Pass,0.0008088463925950758,True
C05394,Retention Offer,"General Offer""",0.9477670529752324,General Offer,0.045788250054864955,Streaming Partner Pack,0.006444696933591333,False
C04668,General Offer,General Offer,0.9999999999550127,Top-up Promo,5.623413251650514e-12,Streaming Partner Pack,5.623413251650514e-12,True
C04836,Streaming Partner Pack,Device Upgrade Offer,0.4898714116096959,General Offer,0.4015419708700688,Roaming Pass,0.07405596204790311,False
C05148,General Offer,General Offer,0.9557827790339586,Roaming Pass,0.032228360955790646,"General Offer""",0.004917253259164191,True
C02777,Retention Offer,"General Offer""",0.9842649861719317,Streaming Partner Pack,0.0129322640395582,General Offer,0.0019731446344454463,False
C04423,General Offer,General Offer,0.9983872809561679,Roaming Pass,0.0008063595049316077,Retention Offer,0.0008063595049316077,True
C09877,General Offer,General Offer,0.9999999999550127,Top-up Promo,5.623413251650514e-12,Streaming Partner Pack,5.623413251650514e-12,True
C09573,General Offer,General Offer,0.9906236236237853,"General Offer""",0.00613610272550823,Roaming Pass,0.0032402736161338337,True
C05339,Streaming Partner Pack,Device Upgrade Offer,0.38585017802140903,Data Booster,0.30142928205977654,Roaming Pass,0.1660651771688441,False
C03189,Retention Offer,"General Offer""",0.9915014353420392,General Offer,0.007680648401462613,Streaming Partner Pack,0.0008179162220424485,False
C06871,General Offer,General Offer,0.9991963593820384,"General Offer""",0.0008036405784649112,Top-up Promo,5.642394220523117e-12,True
C09128,General Offer,General Offer,0.9923454828686014,"General Offer""",0.007654517091337106,Top-up Promo,5.7230864016839745e-12,True
C09240,General Offer,General Offer,0.9956200378428749,Device Upgrade Offer,0.0019368839627262153,Roaming Pass,0.0008143593905094414,True
C07395,Device Upgrade Offer,Device Upgrade Offer,0.9752778485365023,General Offer,0.016832017432025434,Data Booster,0.00789013399607668,True
C01708,Device Upgrade Offer,Device Upgrade Offer,0.9245703562557314,General Offer,0.06707749006603601,Data Booster,0.006589490499082715,True
C06731,Streaming Partner Pack,Roaming Pass,0.8877642229613174,General Offer,0.09453847140961404,Device Upgrade Offer,0.010375315335701074,False
C09883,General Offer,General Offer,0.9886773723027316,Roaming Pass,0.009366145679166547,Device Upgrade Offer,0.00195648198344889,True
C03196,General Offer,General Offer,0.9999999999550127,Top-up Promo,5.623413251650514e-12,Streaming Partner Pack,5.623413251650514e-12,True
C06514,Voice Bundle,Top-up Promo,0.7858888153440392,General Offer,0.14390609530616777,Data Booster,0.054955605897909016,False
C09626,General Offer,General Offer,0.9915014353420392,Roaming Pass,0.007680648401462613,Family Plan Offer,0.0008179162220424485,True
C06840,General Offer,General Offer,0.9501439708382926,Device Upgrade Offer,0.04352488159129966,Data Booster,0.0034117670586649457,True
C01882,Data Booster,Data Booster,0.7251734273199559,General Offer,0.2716488420899312,Roaming Pass,0.002237132293898936,True
C08696,Voice Bundle,Top-up Promo,0.782830984904786,General Offer,0.1775559369681108,Data Booster,0.0332089125374434,False
C03396,General Offer,General Offer,0.9999999999550127,Top-up Promo,5.623413251650514e-12,Streaming Partner Pack,5.623413251650514e-12,True
C07564,General Offer,General Offer,0.969700725027106,Device Upgrade Offer,0.026971481286288845,Data Booster,0.0033277936510986788,True
C02179,General Offer,General Offer,0.8792986548636318,Device Upgrade Offer,0.08736643232653998,Data Booster,0.022858319353430228,True
C07135,General Offer,General Offer,0.9991963593820383,Device Upgrade Offer,0.0008036405784649111,Top-up Promo,5.642394220523117e-12,True
C02349,Retention Offer,"General Offer""",0.8363796236302857,General Offer,0.1181129777116373,Device Upgrade Offer,0.023692150703463935,False
C01636,General Offer,General Offer,0.9991963593820384,Roaming Pass,0.0008036405784649112,Top-up Promo,5.642394220523117e-12,True
C04023,General Offer,General Offer,0.9972673818032946,"General Offer""",0.001923771770036698,Retention Offer,0.0008088463925950758,True
C04403,General Offer,General Offer,0.6634602163317167,Device Upgrade Offer,0.3246462042993051,"General Offer""",0.005463849079030813,True
C04538,Retention Offer,"General Offer""",0.7479800796110654,Device Upgrade Offer,0.16363970986640286,General Offer,0.04768173363431176,False
C09695,General Offer,General Offer,0.9983872809561679,Device Upgrade Offer,0.0008063595049316077,Data Booster,0.0008063595049316077,True
C07823,General Offer,General Offer,0.9892673334358849,Family Plan Offer,0.004676179355962884,Roaming Pass,0.0032637564230189914,True
C02662,Retention Offer,"General Offer""",0.9886881763089038,General Offer,0.004673441731349685,Device Upgrade Offer,0.004673441731349685,False
C09677,Device Upgrade Offer,Device Upgrade Offer,0.4252218648242829,Family Plan Offer,0.28828149019984745,Data Booster,0.15973053203717458,True
C05094,General Offer,General Offer,0.9585006169978176,Data Booster,0.015430545046522758,Device Upgrade Offer,0.013526467816227735,True
C04997,Streaming Partner Pack,Device Upgrade Offer,0.5197189635662953,General Offer,0.3285286029977487,Roaming Pass,0.1119665611902665,False
C00013,Data Booster,Data Booster,0.9647457178059881,Device Upgrade Offer,0.033562137062574104,Roaming Pass,0.0008460725508681731,True
C06018,General Offer,General Offer,0.5323112934202046,Device Upgrade Offer,0.32484578268035874,Top-up Promo,0.07805750802166155,True
C09549,General Offer,General Offer,0.9991963593820384,Retention Offer,0.0008036405784649112,Top-up Promo,5.642394220523117e-12,True
C08428,General Offer,General Offer,0.9778905551421353,Device Upgrade Offer,0.016802858995962188,Family Plan Offer,0.0033116459117322064,True
C03601,Top-up Promo,Streaming Partner Pack,0.9923454828686014,General Offer,0.007654517091337106,Top-up Promo,5.7230864016839745e-12,True
C08846,General Offer,General Offer,0.9923325016258224,"General Offer""",0.003245863259032654,Roaming Pass,0.0019553123628703243,True
C08422,General Offer,General Offer,0.9614480838531404,Device Upgrade Offer,0.025229204641754138,Data Booster,0.013322711469102109,True
C02846,Device Upgrade Offer,Device Upgrade Offer,0.9553258257636987,General Offer,0.042968030349499135,"General Offer""",0.0008530719284274012,True
C00036,Device Upgrade Offer,Family Plan Offer,0.6710110461198444,Device Upgrade Offer,0.24940133074306808,General Offer,0.05934008115306575,True
C05803,General Offer,General Offer,0.9999999999550127,Top-up Promo,5.623413251650514e-12,Streaming Partner Pack,5.623413251650514e-12,True
C04412,General Offer,General Offer,0.9999999999550127,Top-up Promo,5.623413251650514e-12,Streaming Partner Pack,5.623413251650514e-12,True
C06869,General Offer,General Offer,0.7757242197444226,Device Upgrade Offer,0.15134896423384483,Family Plan Offer,0.041786107191746996,True
C01811,General Offer,General Offer,0.9109300391310597,Device Upgrade Offer,0.08819324203370142,Top-up Promo,0.0008767187983058824,True
C00039,Data Booster,Data Booster,0.9773863004925833,General Offer,0.013068371119383635,Device Upgrade Offer,0.00954532835271709,True
C00885,Retention Offer,"General Offer""",0.8301509915101256,General Offer,0.15321579774296912,Family Plan Offer,0.007005691962074047,False
C07741,General Offer,General Offer,0.9999999999550127,Top-up Promo,5.623413251650514e-12,Streaming Partner Pack,5.623413251650514e-12,True
C02824,General Offer,General Offer,0.9999999999550127,Top-up Promo,5.623413251650514e-12,Streaming Partner Pack,5.623413251650514e-12,True
C06016,General Offer,General Offer,0.9825809658949058,Streaming Partner Pack,0.016590848351493766,"General Offer""",0.000828185718712172,True
C06918,General Offer,General Offer,0.9991963593820384,Streaming Partner Pack,0.0008036405784649112,Top-up Promo,5.642394220523117e-12,True
C09682,General Offer,General Offer,0.9999999999550127,Top-up Promo,5.623413251650514e-12,Streaming Partner Pack,5.623413251650514e-12,True
C07023,General Offer,General Offer,0.9999999999550127,Top-up Promo,5.623413251650514e-12,Streaming Partner Pack,5.623413251650514e-12,True
C01616,Voice Bundle,Top-up Promo,0.49940872765177957,General Offer,0.23373766704332793,Device Upgrade Offer,0.17911837657492197,False
C05663,Family Plan Offer,"General Offer""",0.6688090571332285,Family Plan Offer,0.2811995693162743,Device Upgrade Offer,0.03201569169238062,True
C06391,Device Upgrade Offer,Device Upgrade Offer,0.9295718778299252,General Offer,0.06389695837015248,Data Booster,0.006531163763123678,True
C09359,General Offer,General Offer,0.9874475645208044,Roaming Pass,0.007781813218507866,Top-up Promo,0.0019709664608325173,True
C03576,General Offer,General Offer,0.9991963593820384,Retention Offer,0.0008036405784649112,Top-up Promo,5.642394220523117e-12,True
C02768,General Offer,General Offer,0.9765814248570033,Device Upgrade Offer,0.0225846013513315,"General Offer""",0.0008339737565330875,True
C02303,Data Booster,Data Booster,0.9442875678951971,General Offer,0.04625938253752074,Device Upgrade Offer,0.006511008838122491,True
C02617,General Offer,General Offer,0.9999999999550127,Top-up Promo,5.623413251650514e-12,Streaming Partner Pack,5.623413251650514e-12,True
C02230,Roaming Pass,Retention Offer,0.9081881662781588,Device Upgrade Offer,0.05284353620699963,General Offer,0.03806822976157914,False
C04287,General Offer,General Offer,0.9396163030003624,Streaming Partner Pack,0.048896019812619894,"General Offer""",0.006539747840324925,True
C07273,Device Upgrade Offer,Device Upgrade Offer,0.8388012644487852,General Offer,0.13634408488868255,Data Booster,0.02299181688817182,True
C02534,General Offer,General Offer,0.9586998387499802,Device Upgrade Offer,0.036207978740641744,Roaming Pass,0.0033800128816892272,True
C09862,Device Upgrade Offer,Device Upgrade Offer,0.9041132777936682,General Offer,0.08925295648827476,Data Booster,0.006633765680680292,True
C05655,General Offer,General Offer,0.9999999999550127,Top-up Promo,5.623413251650514e-12,Streaming Partner Pack,5.623413251650514e-12,True
C05496,General Offer,General Offer,0.9999999999550127,Top-up Promo,5.623413251650514e-12,Streaming Partner Pack,5.623413251650514e-12,True
C02809,General Offer,General Offer,0.9991963593820384,"General Offer""",0.0008036405784649112,Top-up Promo,5.642394220523117e-12,True
C03520,General Offer,General Offer,0.972451193349038,Data Booster,0.022788538467975742,Roaming Pass,0.004760268147536859,True
C06461,General Offer,General Offer,0.9968079659739277,Roaming Pass,0.003192033986338065,Top-up Promo,5.676328314049446e-12,True
C09011,General Offer,General Offer,0.9991963593820384,Retention Offer,0.0008036405784649112,Top-up Promo,5.642394220523117e-12,True
C00497,General Offer,General Offer,0.9815227924214093,"General Offer""",0.01847720753793157,Top-up Promo,5.808464611346175e-12,True
C00466,General Offer,General Offer,0.9848681643469893,"General Offer""",0.004736914511398934,Data Booster,0.004736914511398934,True
C06292,Device Upgrade Offer,Device Upgrade Offer,0.9126102316496257,Roaming Pass,0.05566591950343106,General Offer,0.022326151756890122,True
C01962,General Offer,General Offer,0.9999999999550127,Top-up Promo,5.623413251650514e-12,Streaming Partner Pack,5.623413251650514e-12,True
C04638,Data Booster,Data Booster,0.9583401929025989,Device Upgrade Offer,0.038296357505044745,"General Offer""",0.0033634495564696795,True
C03186,Top-up Promo,Streaming Partner Pack,0.8254087129953607,General Offer,0.16208398364537627,Retention Offer,0.006965671600943875,False
C05036,Device Upgrade Offer,Device Upgrade Offer,0.9495776047459601,General Offer,0.030228954204468663,Data Booster,0.01178214748207749,True
C04099,General Offer,General Offer,0.9743487261257259,Device Upgrade Offer,0.016890553935306626,Data Booster,0.007917573419569173,True
C00325,Data Booster,Data Booster,0.9692342494812601,Device Upgrade Offer,0.029080843824973748,Roaming Pass,0.0008424533320958151,True
C07230,General Offer,General Offer,0.9999999999550127,Top-up Promo,5.623413251650514e-12,Streaming Partner Pack,5.623413251650514e-12,True
C03149,Retention Offer,"General Offer""",0.9972673818032946,General Offer,0.001923771770036698,Streaming Partner Pack,0.0008088463925950758,False
C05999,Retention Offer,"General Offer""",0.9991963593820384,General Offer,0.0008036405784649112,Top-up Promo,5.642394220523117e-12,False
C01966,Data Booster,Data Booster,0.7683856490086113,General Offer,0.14589275837952262,Device Upgrade Offer,0.06707165660430615,True
C06945,General Offer,General Offer,0.9999999999550127,Top-up Promo,5.623413251650514e-12,Streaming Partner Pack,5.623413251650514e-12,True
C04408,General Offer,General Offer,0.9540925959155873,Device Upgrade Offer,0.036531448286556106,Data Booster,0.00645790870249738,True
C06602,Device Upgrade Offer,Device Upgrade Offer,0.7350180668093244,General Offer,0.2631096778173344,Roaming Pass,0.0009361276702391383,True
C03881,Retention Offer,"General Offer""",0.9868549362534896,General Offer,0.006219066683390566,Data Booster,0.0032840841479716797,False
C08690,General Offer,General Offer,0.964284680198745,Device Upgrade Offer,0.02730583955661913,Data Booster,0.006379961547064475,True
C03088,General Offer,General Offer,0.9999999999550127,Top-up Promo,5.623413251650514e-12,Streaming Partner Pack,5.623413251650514e-12,True
C06300,Device Upgrade Offer,Device Upgrade Offer,0.8788978291715305,General Offer,0.12110217078479897,Top-up Promo,6.238652222900473e-12,True
C00452,Device Upgrade Offer,Device Upgrade Offer,0.8958227231095643,General Offer,0.09019966232665487,Data Booster,0.013977614526007633,True
C05881,Retention Offer,"General Offer""",0.9917547331703442,General Offer,0.00464783504978439,Data Booster,0.001954173916027132,False
C03472,General Offer,General Offer,0.8441322786359999,Device Upgrade Offer,0.11165902421154429,Data Booster,0.021397091486396503,True
C07842,Top-up Promo,Streaming Partner Pack,0.9666698494788619,General Offer,0.033330150479843404,Top-up Promo,5.899250549187731e-12,True
C06287,Device Upgrade Offer,Device Upgrade Offer,0.9520063664066618,General Offer,0.038922646101479726,Data Booster,0.006473523732524995,True
C03280,General Offer,General Offer,0.9999999999550127,Top-up Promo,5.623413251650514e-12,Streaming Partner Pack,5.623413251650514e-12,True
C07357,General Offer,General Offer,0.9475608643984215,Device Upgrade Offer,0.04817486570807681,Roaming Pass,0.003402491667007404,True
C02733,General Offer,General Offer,0.9999999999550127,Top-up Promo,5.623413251650514e-12,Streaming Partner Pack,5.623413251650514e-12,True
C06639,General Offer,General Offer,0.943042253041705,"General Offer""",0.02411273708100037,Roaming Pass,0.019886713803434642,True
C05558,General Offer,General Offer,0.9991963593820384,"General Offer""",0.0008036405784649112,Top-up Promo,5.642394220523117e-12,True
C06668,General Offer,General Offer,0.9730314287067071,Streaming Partner Pack,0.022802135773279244,"General Offer""",0.003324428915621314,True
C09309,General Offer,General Offer,0.9945845662566776,"General Offer""",0.004601921274186336,Retention Offer,0.0008135124348659487,True
C05195,Data Booster,Data Booster,0.9559571527312759,General Offer,0.040672504024207676,Device Upgrade Offer,0.003370343208555938,True
C05382,Device Upgrade Offer,Device Upgrade Offer,0.757519492957221,General Offer,0.24026635820756476,"General Offer""",0.002214148795997504,True
C05288,General Offer,General Offer,0.9795558950859292,Device Upgrade Offer,0.014875553957519548,Data Booster,0.004732037054644065,True
C09280,Streaming Partner Pack,Roaming Pass,0.9670093326827971,General Offer,0.03130212041021441,"General Offer""",0.0008442734386750534,False
C08136,General Offer,General Offer,0.9999999999550127,Top-up Promo,5.623413251650514e-12,Streaming Partner Pack,5.623413251650514e-12,True
C07430,Retention Offer,"General Offer""",0.9954136841446093,General Offer,0.004586315815544418,Top-up Promo,5.692336120608429e-12,False
C08083,Device Upgrade Offer,Device Upgrade Offer,0.8253798697503278,General Offer,0.16680883340546546,Data Booster,0.006889799489491552,True
C04891,General Offer,General Offer,0.9319628032603885,Device Upgrade Offer,0.058937426409554274,Roaming Pass,0.0082239930269859,True
C02762,Device Upgrade Offer,Device Upgrade Offer,0.8747246609124624,General Offer,0.11460026831700976,Data Booster,0.008517715903988062,True
C07105,General Offer,General Offer,0.9684258302322933,Device Upgrade Offer,0.025071203633108798,Data Booster,0.004804366163861232,True
C06549,General Offer,General Offer,0.9999999999550127,Top-up Promo,5.623413251650514e-12,Streaming Partner Pack,5.623413251650514e-12,True
C08738,Retention Offer,"General Offer""",0.9939216300347296,General Offer,0.006078369925315314,Top-up Promo,5.70789782525533e-12,False
C02394,Device Upgrade Offer,Device Upgrade Offer,0.6747028213962157,General Offer,0.2798285279687909,Top-up Promo,0.02223651916022472,True
C04072,General Offer,General Offer,0.9727792307885411,Device Upgrade Offer,0.008047247483756046,Data Booster,0.008047247483756046,True
C07551,Retention Offer,"General Offer""",0.9847259874409992,General Offer,0.011167019470781315,Device Upgrade Offer,0.0032769993710808775,False
C04312,General Offer,General Offer,0.9972673818032946,"General Offer""",0.001923771770036698,Device Upgrade Offer,0.0008088463925950758,True
C04904,Roaming Pass,Retention Offer,0.7754951804934372,General Offer,0.19757510111085297,Data Booster,0.021410944933688825,False
C08352,Device Upgrade Offer,Device Upgrade Offer,0.8759530883604655,General Offer,0.12191927647822139,Data Booster,0.0021276351236286417,True
C09823,General Offer,General Offer,0.9991963593820384,"General Offer""",0.0008036405784649112,Top-up Promo,5.642394220523117e-12,True
C03600,General Offer,General Offer,0.9770541535772672,Roaming Pass,0.014968751923711868,Family Plan Offer,0.006293584916735734,True
C02327,General Offer,General Offer,0.9967526227588891,Roaming Pass,0.0008118443045777086,"General Offer""",0.0008118443045777086,True
C09892,Data Booster,Data Booster,0.6336091915206167,General Offer,0.18500180708817998,Device Upgrade Offer,0.14138354413151874,True
C02287,Device Upgrade Offer,Device Upgrade Offer,0.8256013162819092,General Offer,0.1556112104346598,Data Booster,0.016571118308440245,True
C06199,Top-up Promo,Streaming Partner Pack,0.9089015261298476,General Offer,0.07323020559116644,"General Offer""",0.01786826824141133,False
C01345,General Offer,General Offer,0.9999999999550127,Top-up Promo,5.623413251650514e-12,Streaming Partner Pack,5.623413251650514e-12,True
C07616,General Offer,General Offer,0.9999999999550127,Top-up Promo,5.623413251650514e-12,Streaming Partner Pack,5.623413251650514e-12,True
C06644,Data Booster,Data Booster,0.9819361257036372,Device Upgrade Offer,0.014781920669815542,General Offer,0.0032819535915298735,True
C07929,General Offer,General Offer,0.9961405672119575,"General Offer""",0.0019297163769317644,Family Plan Offer,0.0019297163769317644,True
C03954,Top-up Promo,Streaming Partner Pack,0.8554510797935644,General Offer,0.1418321532554571,Retention Offer,0.0009055889751819511,False
C01355,Data Booster,Data Booster,0.9782038139271818,Device Upgrade Offer,0.013137098135730137,Roaming Pass,0.003327345323144923,True
C01418,General Offer,General Offer,0.9999999999550127,Top-up Promo,5.623413251650514e-12,Streaming Partner Pack,5.623413251650514e-12,True
C00667,General Offer,General Offer,0.9745258768958394,Device Upgrade Offer,0.020724760552401834,Data Booster,0.004749362516390628,True
C02980,General Offer,General Offer,0.9991963593820384,"General Offer""",0.0008036405784649112,Top-up Promo,5.642394220523117e-12,True
C03449,General Offer,General Offer,0.9991963593820384,Retention Offer,0.0008036405784649112,Top-up Promo,5.642394220523117e-12,True
C07084,General Offer,General Offer,0.9999999999550127,Top-up Promo,5.623413251650514e-12,Streaming Partner Pack,5.623413251650514e-12,True
C07921,General Offer,General Offer,0.9999999999550127,Top-up Promo,5.623413251650514e-12,Streaming Partner Pack,5.623413251650514e-12,True
C05608,Retention Offer,"General Offer""",0.9675503715559903,Device Upgrade Offer,0.021040050580569052,General Offer,0.009704879316720035,False
C03964,General Offer,General Offer,0.9918678677452691,Device Upgrade Offer,0.003244343467995558,Data Booster,0.003244343467995558,True
C02521,General Offer,General Offer,0.9991963593820384,Retention Offer,0.0008036405784649112,Top-up Promo,5.642394220523117e-12,True
C09855,General Offer,General Offer,0.9999999999550127,Top-up Promo,5.623413251650514e-12,Streaming Partner Pack,5.623413251650514e-12,True
C07569,Device Upgrade Offer,Device Upgrade Offer,0.7861443075307354,General Offer,0.19796719393879886,Data Booster,0.012699601412364486,True
C04422,Device Upgrade Offer,Device Upgrade Offer,0.914564772618602,General Offer,0.0630145460487644,Data Booster,0.01797960308294161,True
C01974,General Offer,General Offer,0.951939177117885,Device Upgrade Offer,0.043208151479214696,Data Booster,0.0048526713667628825,True
C08364,Retention Offer,"General Offer""",0.9772566101656176,General Offer,0.013124377362622288,Data Booster,0.006294889018177882,False
C06513,General Offer,General Offer,0.9745577986940338,Roaming Pass,0.014996717680937176,Data Booster,0.009602156186003461,True
C02535,Data Booster,Data Booster,0.9364622695661611,Device Upgrade Offer,0.05614819215964643,General Offer,0.006517795705955007,True
C04000,Data Booster,Data Booster,0.9711197534749796,Device Upgrade Offer,0.028880246483901764,Top-up Promo,5.874099682545312e-12,True
C07850,General Offer,General Offer,0.9999999999550127,Top-up Promo,5.623413251650514e-12,Streaming Partner Pack,5.623413251650514e-12,True
C08344,General Offer,General Offer,0.9999999999550127,Top-up Promo,5.623413251650514e-12,Streaming Partner Pack,5.623413251650514e-12,True
C08543,Data Booster,Data Booster,0.9991963593820383,Device Upgrade Offer,0.0008036405784649111,Top-up Promo,5.642394220523117e-12,True
C08402,General Offer,General Offer,0.9991963593820383,Device Upgrade Offer,0.0008036405784649111,Top-up Promo,5.642394220523117e-12,True
C08539,Retention Offer,"General Offer""",0.9991963593820384,General Offer,0.0008036405784649112,Top-up Promo,5.642394220523117e-12,False
C02079,Device Upgrade Offer,Device Upgrade Offer,0.971853773920088,General Offer,0.02482582066757896,Data Booster,0.003320405376905345,True
C04687,Streaming Partner Pack,Roaming Pass,0.8993564060737124,General Offer,0.07227858741363707,Device Upgrade Offer,0.020410036857629814,False
C07216,General Offer,General Offer,0.9999999999550127,Top-up Promo,5.623413251650514e-12,Streaming Partner Pack,5.623413251650514e-12,True
C01749,Device Upgrade Offer,General Offer,0.4982716096060015,Device Upgrade Offer,0.4811494910915378,Roaming Pass,0.013323509124976601,True
C04040,Top-up Promo,Streaming Partner Pack,0.8893136616718699,General Offer,0.05618117077403141,"General Offer""",0.05359234556065962,False
C08857,General Offer,General Offer,0.8901210765729771,Device Upgrade Offer,0.10147052778192026,Data Booster,0.008408395607382168,True
C08025,General Offer,General Offer,0.9999999999550127,Top-up Promo,5.623413251650514e-12,Streaming Partner Pack,5.623413251650514e-12,True
C08600,General Offer,General Offer,0.9948518197013417,Retention Offer,0.0032127907968834716,"General Offer""",0.0019353894674954497,True
C06370,General Offer,General Offer,0.9972673818032946,Device Upgrade Offer,0.001923771770036698,"General Offer""",0.0008088463925950758,True
C04047,General Offer,General Offer,0.9815227924214093,"General Offer""",0.01847720753793157,Top-up Promo,5.808464611346175e-12,True
C08605,Retention Offer,"General Offer""",0.66923187228244,Device Upgrade Offer,0.219636840847828,General Offer,0.0692706257188317,False
C00902,Device Upgrade Offer,Device Upgrade Offer,0.9580309280415604,General Offer,0.03393561026324419,Data Booster,0.008033461659156924,True
C05539,General Offer,General Offer,0.7185081405097453,Device Upgrade Offer,0.2761546103796149,Data Booster,0.005337249070893651,True
C04649,General Offer,General Offer,0.9855999068874132,Retention Offer,0.00945872489110863,"General Offer""",0.0032799076252681323,True
C00151,Device Upgrade Offer,Device Upgrade Offer,0.9060429930968895,General Offer,0.07918196599643777,Data Booster,0.01208121569995801,True
C08486,General Offer,General Offer,0.9991963593820384,Roaming Pass,0.0008036405784649112,Top-up Promo,5.642394220523117e-12,True
C00916,General Offer,General Offer,0.9972673818032946,Retention Offer,0.001923771770036698,Device Upgrade Offer,0.0008088463925950758,True
C07687,General Offer,General Offer,0.9939216300347296,Roaming Pass,0.006078369925315314,Top-up Promo,5.70789782525533e-12,True
C02877,Data Booster,Data Booster,0.9499895725633783,Device Upgrade Offer,0.03654220244830774,"General Offer""",0.013468224951917549,True
C02517,General Offer,General Offer,0.9999999999550127,Top-up Promo,5.623413251650514e-12,Streaming Partner Pack,5.623413251650514e-12,True
C08934,Streaming Partner Pack,Roaming Pass,0.7871067871068966,General Offer,0.21069620904581973,Device Upgrade Offer,0.00219700380837062,False
C02532,General Offer,General Offer,0.9991963593820384,"General Offer""",0.0008036405784649112,Top-up Promo,5.642394220523117e-12,True
C09579,General Offer,General Offer,0.9968079659739277,Roaming Pass,0.003192033986338065,Top-up Promo,5.676328314049446e-12,True
C01514,Data Booster,Data Booster,0.760976904607579,Device Upgrade Offer,0.15702331506468875,"General Offer""",0.07466492322402744,True
C04930,General Offer,General Offer,0.9999999999550127,Top-up Promo,5.623413251650514e-12,Streaming Partner Pack,5.623413251650514e-12,True
C01918,Retention Offer,"General Offer""",0.9905929212342554,General Offer,0.004662340343145059,Retention Offer,0.0019602726406217274,True
C04559,General Offer,General Offer,0.9991963593820384,Roaming Pass,0.0008036405784649112,Top-up Promo,5.642394220523117e-12,True
C07680,Data Booster,Data Booster,0.9018747749717128,Device Upgrade Offer,0.09463082526260458,General Offer,0.0034943997283984726,True
C03565,General Offer,General Offer,0.9964465009984514,Retention Offer,0.0019303090296732407,"General Offer""",0.0008115949716920517,True
C03899,General Offer,General Offer,0.9999999999550127,Top-up Promo,5.623413251650514e-12,Streaming Partner Pack,5.623413251650514e-12,True
C07587,General Offer,General Offer,0.9980827280717024,Roaming Pass,0.0019172718886793763,Top-up Promo,5.659756910892866e-12,True
C03986,General Offer,General Offer,0.9999999999550127,Top-up Promo,5.623413251650514e-12,Streaming Partner Pack,5.623413251650514e-12,True
C05526,General Offer,General Offer,0.9930851717256162,Roaming Pass,0.006099087158702095,Retention Offer,0.0008157410813176431,True
C08678,General Offer,General Offer,0.9983872809561679,"General Offer""",0.0008063595049316077,Device Upgrade Offer,0.0008063595049316077,True
C04219,General Offer,General Offer,0.9886773723027316,Roaming Pass,0.009366145679166547,Data Booster,0.00195648198344889,True
C02053,General Offer,General Offer,0.9999999999550127,Top-up Promo,5.623413251650514e-12,Streaming Partner Pack,5.623413251650514e-12,True
C02404,General Offer,General Offer,0.9972673818032946,"General Offer""",0.001923771770036698,Roaming Pass,0.0008088463925950758,True
C06355,General Offer,General Offer,0.9991963593820384,Retention Offer,0.0008036405784649112,Top-up Promo,5.642394220523117e-12,True
C03181,General Offer,General Offer,0.995620037842875,Retention Offer,0.0019368839627262155,Streaming Partner Pack,0.0008143593905094415,True
C09992,Data Booster,Data Booster,0.9644369379868959,Device Upgrade Offer,0.03355139505002172,General Offer,0.0020116669274519417,True
C07996,General Offer,General Offer,0.9999999999550127,Top-up Promo,5.623413251650514e-12,Streaming Partner Pack,5.623413251650514e-12,True
C01702,General Offer,General Offer,0.9983872809561679,Roaming Pass,0.0008063595049316077,Family Plan Offer,0.0008063595049316077,True
C07553,General Offer,General Offer,0.9945845662566775,Roaming Pass,0.004601921274186335,Device Upgrade Offer,0.0008135124348659485,True
C02143,General Offer,General Offer,0.9921388020888506,Family Plan Offer,0.004629807122790616,Device Upgrade Offer,0.003231390753880845,True
C02852,General Offer,General Offer,0.9991963593820384,Retention Offer,0.0008036405784649112,Top-up Promo,5.642394220523117e-12,True
C01549,Device Upgrade Offer,Device Upgrade Offer,0.9274479105691732,General Offer,0.06207124571344593,Data Booster,0.00660999907009705,True
C06710,Data Booster,Data Booster,0.7968410747989173,Device Upgrade Offer,0.15158883220074668,"General Offer""",0.04351086889908132,True
C00426,General Offer,General Offer,0.9991963593820384,Retention Offer,0.0008036405784649112,Top-up Promo,5.642394220523117e-12,True
C03211,General Offer,General Offer,0.6675576788880032,Device Upgrade Offer,0.20334528277792924,Data Booster,0.09182820331838844,True
C00844,General Offer,General Offer,0.9983872809561679,Retention Offer,0.0008063595049316077,Device Upgrade Offer,0.0008063595049316077,True
C07746,Device Upgrade Offer,Device Upgrade Offer,0.6466042878373757,"General Offer""",0.3127634467355208,General Offer,0.020063784462825345,True
C01474,General Offer,General Offer,0.9999999999550127,Top-up Promo,5.623413251650514e-12,Streaming Partner Pack,5.623413251650514e-12,True
C00778,General Offer,General Offer,0.9070092993223042,Streaming Partner Pack,0.07145020655986069,Top-up Promo,0.012154120773633878,True
C08960,General Offer,General Offer,0.997572717853751,Roaming Pass,0.0008090940392818593,"General Offer""",0.0008090940392818593,True
C07793,Roaming Pass,Retention Offer,0.8246469571449414,General Offer,0.17225942982595116,Data Booster,0.0021779132673412594,False
C09815,General Offer,General Offer,0.9964465009984514,Data Booster,0.0019303090296732407,Roaming Pass,0.0008115949716920517,True
C00016,Device Upgrade Offer,Device Upgrade Offer,0.9373357814685799,General Offer,0.05147004387546743,Data Booster,0.008232408577372842,True
C04916,General Offer,General Offer,0.9959859041715512,Roaming Pass,0.0032028759737511084,"General Offer""",0.0008112198205240613,True
C07244,General Offer,General Offer,0.9999999999550127,Top-up Promo,5.623413251650514e-12,Streaming Partner Pack,5.623413251650514e-12,True
C01327,General Offer,General Offer,0.9991963593820384,Retention Offer,0.0008036405784649112,Top-up Promo,5.642394220523117e-12,True
C00644,General Offer,General Offer,0.9640094575648068,Roaming Pass,0.017244725424540856,Family Plan Offer,0.009801396931514886,True
C09766,General Offer,General Offer,0.9991963593820384,Retention Offer,0.0008036405784649112,Top-up Promo,5.642394220523117e-12,True
C04623,Device Upgrade Offer,Device Upgrade Offer,0.8741301737044735,General Offer,0.09791934894429388,Data Booster,0.027034664107845663,True
C05262,Device Upgrade Offer,Device Upgrade Offer,0.6485043384316604,"General Offer""",0.3039912564210756,General Offer,0.022594285314659984,True
C07640,Top-up Promo,Streaming Partner Pack,0.9923454828686014,General Offer,0.007654517091337106,Top-up Promo,5.7230864016839745e-12,True
C07578,Family Plan Offer,Family Plan Offer,0.5572645022564653,General Offer,0.3538562079175195,Roaming Pass,0.044527436179079075,True
C01432,Top-up Promo,Streaming Partner Pack,0.9573300837183417,"General Offer""",0.04266991624002303,Top-up Promo,5.947898705239971e-12,True
C01921,General Offer,General Offer,0.6942457434403243,Device Upgrade Offer,0.29189437848205935,Data Booster,0.012901005102773404,True
C06228,General Offer,General Offer,0.9915014353420393,"General Offer""",0.007680648401462614,Retention Offer,0.0008179162220424486,True
C01992,General Offer,General Offer,0.9999999999550127,Top-up Promo,5.623413251650514e-12,Streaming Partner Pack,5.623413251650514e-12,True
C05302,Data Booster,Data Booster,0.9798628177681339,Device Upgrade Offer,0.01304404654634977,General Offer,0.006256359680045981,True
C06725,General Offer,General Offer,0.9999999999550127,Top-up Promo,5.623413251650514e-12,Streaming Partner Pack,5.623413251650514e-12,True
C08711,Device Upgrade Offer,Device Upgrade Offer,0.9291571940215362,General Offer,0.05903940955819651,Data Booster,0.011803396383310218,True
C07310,Data Booster,Data Booster,0.9280253447826824,Device Upgrade Offer,0.059248958475206726,General Offer,0.011845290246200681,True
C06629,Streaming Partner Pack,Roaming Pass,0.8871604214865875,General Offer,0.10982455953688013,Data Booster,0.002122582808028278,False
C04392,General Offer,General Offer,0.9842649861719318,Data Booster,0.012932264039558201,Device Upgrade Offer,0.0019731446344454463,True
C01746,General Offer,General Offer,0.9588056099843877,Data Booster,0.038314956097783674,Device Upgrade Offer,0.002027130501800573,True
C00805,General Offer,General Offer,0.9983872809561679,Retention Offer,0.0008063595049316077,"General Offer""",0.0008063595049316077,True
C04420,Device Upgrade Offer,Device Upgrade Offer,0.8214502474413747,General Offer,0.17579842227434359,Roaming Pass,0.0009171100861751365,True
C04581,General Offer,General Offer,0.9753546790936792,Streaming Partner Pack,0.022655554249488306,"General Offer""",0.0019897666215900134,True
C02957,Device Upgrade Offer,Device Upgrade Offer,0.9237170583528521,General Offer,0.07194671941239093,Roaming Pass,0.003459902958425764,True
C02290,Device Upgrade Offer,Device Upgrade Offer,0.9195230592922887,General Offer,0.07960460022178013,Data Booster,0.0008723404491826657,True
C05104,General Offer,General Offer,0.9701802074021001,Device Upgrade Offer,0.02898025327397017,"General Offer""",0.0008395392885632287,True
C02511,General Offer,General Offer,0.5641300985600451,Device Upgrade Offer,0.43491595419146456,Roaming Pass,0.0009539472083041264,True
C03206,Data Booster,Data Booster,0.9468821245458449,Device Upgrade Offer,0.034639325481505875,General Offer,0.015528425592280168,True
C02549,Data Booster,Data Booster,0.898079647322628,General Offer,0.06608333630206634,Device Upgrade Offer,0.03583701633724794,True
C00629,Device Upgrade Offer,Device Upgrade Offer,0.9264522769101203,General Offer,0.07147707809623341,Data Booster,0.0020706449569710527,True
C05538,Device Upgrade Offer,Device Upgrade Offer,0.7675939106198231,"General Offer""",0.21643380823633732,General Offer,0.012766568457305444,True
C04503,Top-up Promo,Streaming Partner Pack,0.959697129518327,General Offer,0.0360815626298088,"General Offer""",0.0033682119444944426,False
C00602,Device Upgrade Offer,Device Upgrade Offer,0.9643883646367709,General Offer,0.035611635321847815,Top-up Promo,5.911612941247552e-12,True
C04726,General Offer,General Offer,0.9999999999550127,Top-up Promo,5.623413251650514e-12,Streaming Partner Pack,5.623413251650514e-12,True
C05613,General Offer,General Offer,0.9972673818032946,Device Upgrade Offer,0.001923771770036698,Roaming Pass,0.0008088463925950758,True
C00033,Top-up Promo,Streaming Partner Pack,0.9278822803658089,General Offer,0.07124988784006613,"General Offer""",0.000867831757566477,False
C05415,General Offer,General Offer,0.9999999999550127,Top-up Promo,5.623413251650514e-12,Streaming Partner Pack,5.623413251650514e-12,True
C02146,General Offer,General Offer,0.9991963593820384,"General Offer""",0.0008036405784649112,Top-up Promo,5.642394220523117e-12,True
C09860,General Offer,General Offer,0.9983872809561679,Roaming Pass,0.0008063595049316077,Device Upgrade Offer,0.0008063595049316077,True
C06836,General Offer,General Offer,0.9999999999550127,Top-up Promo,5.623413251650514e-12,Streaming Partner Pack,5.623413251650514e-12,True
C01830,General Offer,General Offer,0.9099913468870097,Device Upgrade Offer,0.06039383584945968,Data Booster,0.028717398528025795,True
C05454,General Offer,General Offer,0.5877375445278633,Device Upgrade Offer,0.3917643215470397,Data Booster,0.013271218755775027,True
C05774,Voice Bundle,Top-up Promo,0.7680835855648682,General Offer,0.21206106828088747,Data Booster,0.009022428074720121,False
C09942,General Offer,General Offer,0.9999999999550127,Top-up Promo,5.623413251650514e-12,Streaming Partner Pack,5.623413251650514e-12,True
C09943,Data Booster,Data Booster,0.9308425659400262,General Offer,0.05914649947107008,Device Upgrade Offer,0.008253166601483172,True
C06341,Device Upgrade Offer,Device Upgrade Offer,0.9509213426694845,General Offer,0.03657804382260908,Data Booster,0.01163577902707177,True
C03992,General Offer,General Offer,0.9999999999550127,Top-up Promo,5.623413251650514e-12,Streaming Partner Pack,5.623413251650514e-12,True
C09793,General Offer,General Offer,0.9999999999550127,Top-up Promo,5.623413251650514e-12,Streaming Partner Pack,5.623413251650514e-12,True
C03578,Device Upgrade Offer,Device Upgrade Offer,0.9807661956184798,General Offer,0.012999034124711687,Data Booster,0.006234770221679893,True
C03611,General Offer,General Offer,0.9898428926664823,Roaming Pass,0.009337062261574613,"General Offer""",0.0008200450373977733,True
C04225,General Offer,General Offer,0.9999999999550127,Top-up Promo,5.623413251650514e-12,Streaming Partner Pack,5.623413251650514e-12,True
C01569,General Offer,General Offer,0.9923454828686014,Retention Offer,0.007654517091337106,Top-up Promo,5.7230864016839745e-12,True
C01357,General Offer,General Offer,0.9920238857607215,Roaming Pass,0.003244853794063962,Family Plan Offer,0.0019547042598248017,True
C05662,General Offer,General Offer,0.9779071705598986,Roaming Pass,0.011335144737405255,Family Plan Offer,0.007911405578441196,True
C03490,General Offer,General Offer,0.9999999999550127,Top-up Promo,5.623413251650514e-12,Streaming Partner Pack,5.623413251650514e-12,True
C07432,Retention Offer,"General Offer""",0.9945845662566775,General Offer,0.004601921274186335,Retention Offer,0.0008135124348659485,True
C07331,Data Booster,Data Booster,0.6067818032597719,Device Upgrade Offer,0.25114031467093983,General Offer,0.10060326270595239,True
C06349,Top-up Promo,Streaming Partner Pack,0.8318949982303047,"General Offer""",0.14384175993765186,Top-up Promo,0.012633172844189734,True
C04813,General Offer,General Offer,0.6044390844570833,Device Upgrade Offer,0.3917846062983151,Data Booster,0.0037763092043097,True
C03359,General Offer,General Offer,0.7873820174265753,Device Upgrade Offer,0.21076988390915552,Top-up Promo,0.0009240493159150456,True
C09130,General Offer,General Offer,0.9999999999550127,Top-up Promo,5.623413251650514e-12,Streaming Partner Pack,5.623413251650514e-12,True
C02572,General Offer,General Offer,0.9926017065104425,Top-up Promo,0.00463196726226278,Roaming Pass,0.0019475023332046675,True
C09164,General Offer,General Offer,0.9999999999550127,Top-up Promo,5.623413251650514e-12,Streaming Partner Pack,5.623413251650514e-12,True
C03671,General Offer,General Offer,0.9991963593820384,Retention Offer,0.0008036405784649112,Top-up Promo,5.642394220523117e-12,True
C01231,Streaming Partner Pack,Roaming Pass,0.8206431742221477,General Offer,0.09035301294234169,Data Booster,0.08444836963190545,False
C07465,Device Upgrade Offer,General Offer,0.5929780943481058,Device Upgrade Offer,0.38294452715524097,"General Offer""",0.009345286130583027,True
C02773,Retention Offer,"General Offer""",0.9788845280353153,Retention Offer,0.014865358565059753,General Offer,0.006250113364409931,True
C06635,Device Upgrade Offer,Device Upgrade Offer,0.7296340988833632,General Offer,0.26234364584214703,Data Booster,0.00707587118978126,True
C01328,General Offer,General Offer,0.572672225381626,Device Upgrade Offer,0.4218909415002528,Data Booster,0.0054368330776333705,True
C05160,Data Booster,Data Booster,0.8988344903027072,Device Upgrade Offer,0.06177404423212397,"General Offer""",0.024858137271456106,True
C04866,General Offer,General Offer,0.9972673818032946,"General Offer""",0.001923771770036698,Retention Offer,0.0008088463925950758,True
C05554,General Offer,General Offer,0.9999999999550127,Top-up Promo,5.623413251650514e-12,Streaming Partner Pack,5.623413251650514e-12,True
C07260,General Offer,General Offer,0.5906433167069902,Device Upgrade Offer,0.40216258031180474,Data Booster,0.007194102940671316,True
C08847,General Offer,General Offer,0.9999999999550127,Top-up Promo,5.623413251650514e-12,Streaming Partner Pack,5.623413251650514e-12,True
C01846,General Offer,General Offer,0.923017177377326,Device Upgrade Offer,0.06696480708838905,Data Booster,0.010018015497220163,True
C01876,General Offer,General Offer,0.9933337563397743,Streaming Partner Pack,0.0019489386280863855,Roaming Pass,0.0019489386280863855,True
C01673,Device Upgrade Offer,Device Upgrade Offer,0.6648933118046015,General Offer,0.26427847688450085,Data Booster,0.06983357858466817,True
C02815,General Offer,General Offer,0.7228754216681196,Device Upgrade Offer,0.27245645207638075,Data Booster,0.003724731567549369,True
C07450,General Offer,General Offer,0.9999999999550127,Top-up Promo,5.623413251650514e-12,Streaming Partner Pack,5.623413251650514e-12,True
C00435,General Offer,General Offer,0.9999999999550127,Top-up Promo,5.623413251650514e-12,Streaming Partner Pack,5.623413251650514e-12,True
C07428,General Offer,General Offer,0.6446555777568624,Device Upgrade Offer,0.3489686479687375,Data Booster,0.005417998390229798,True
C08984,General Offer,General Offer,0.9999999999550127,Top-up Promo,5.623413251650514e-12,Streaming Partner Pack,5.623413251650514e-12,True
C02385,General Offer,General Offer,0.9999999999550127,Top-up Promo,5.623413251650514e-12,Streaming Partner Pack,5.623413251650514e-12,True
C09050,General Offer,General Offer,0.5638533319530945,Device Upgrade Offer,0.3914689325045809,"General Offer""",0.03221030007373956,True
C02652,General Offer,General Offer,0.9999999999550127,Top-up Promo,5.623413251650514e-12,Streaming Partner Pack,5.623413251650514e-12,True
C09691,General Offer,General Offer,0.9999999999550127,Top-up Promo,5.623413251650514e-12,Streaming Partner Pack,5.623413251650514e-12,True
C00565,Top-up Promo,Streaming Partner Pack,0.9806290380557302,General Offer,0.01854081992581424,"General Offer""",0.0008301419834847824,False
C09038,Device Upgrade Offer,Device Upgrade Offer,0.8683361128715454,"General Offer""",0.11371370485774511,Data Booster,0.008677198847250068,True
C09155,General Offer,General Offer,0.6703627678305406,Device Upgrade Offer,0.3215283368359851,Data Booster,0.007152290335803514,True
C07133,Retention Offer,"General Offer""",0.9930851717256162,General Offer,0.006099087158702095,Device Upgrade Offer,0.0008157410813176431,False
C04852,General Offer,General Offer,0.9983872809561679,Retention Offer,0.0008063595049316077,Family Plan Offer,0.0008063595049316077,True
C09941,Device Upgrade Offer,Device Upgrade Offer,0.7429256855490658,Family Plan Offer,0.13632534517413092,General Offer,0.11014111161343862,True
C03836,Retention Offer,"General Offer""",0.9852901709042339,General Offer,0.009455752379206693,Retention Offer,0.003278876876983813,True
C01321,General Offer,General Offer,0.9999999999550127,Top-up Promo,5.623413251650514e-12,Streaming Partner Pack,5.623413251650514e-12,True
C00336,General Offer,General Offer,0.9991963593820384,Roaming Pass,0.0008036405784649112,Top-up Promo,5.642394220523117e-12,True
C08938,Retention Offer,"General Offer""",0.7222346271760475,Device Upgrade Offer,0.23779449562418412,General Offer,0.03377976902186642,False
C04391,General Offer,General Offer,0.9884008437981535,Roaming Pass,0.004692300242631011,"General Offer""",0.0032750080546187863,True
C04913,Top-up Promo,Streaming Partner Pack,0.9968079659739277,General Offer,0.003192033986338065,Top-up Promo,5.676328314049446e-12,True
C06658,General Offer,General Offer,0.9991963593820384,"General Offer""",0.0008036405784649112,Top-up Promo,5.642394220523117e-12,True
C00676,General Offer,General Offer,0.997572717853751,Retention Offer,0.0008090940392818593,"General Offer""",0.0008090940392818593,True
C06976,General Offer,General Offer,0.9427941965899368,Roaming Pass,0.055482974310511246,"General Offer""",0.0008614145346559646,True
C06553,Data Booster,Data Booster,0.9798628177681339,Device Upgrade Offer,0.01304404654634977,General Offer,0.006256359680045981,True
C07263,Data Booster,Data Booster,0.9519975219568433,General Offer,0.027963752280581462,Device Upgrade Offer,0.011757309524891917,True
C04164,Data Booster,Data Booster,0.9667004862917644,General Offer,0.03129212304349454,Device Upgrade Offer,0.002007390629186275,True
C03739,General Offer,General Offer,0.9743487261257258,Roaming Pass,0.016890553935306623,Data Booster,0.007917573419569172,True
C03802,Device Upgrade Offer,Device Upgrade Offer,0.879991378684027,General Offer,0.1087597251791061,Data Booster,0.008525304012537498,True
C09436,Device Upgrade Offer,Device Upgrade Offer,0.9273125629641571,"General Offer""",0.06435045865455724,General Offer,0.006577517841621635,True
C02555,General Offer,General Offer,0.9617367424483273,Data Booster,0.029645002595243157,"General Offer""",0.004858087471278069,True
C05240,Device Upgrade Offer,Device Upgrade Offer,0.861375158432798,General Offer,0.1273305075474849,Data Booster,0.010382473724275778,True
C00246,General Offer,General Offer,0.9991963593820383,Data Booster,0.0008036405784649111,Top-up Promo,5.642394220523117e-12,True
C00701,General Offer,General Offer,0.9991963593820384,"General Offer""",0.0008036405784649112,Top-up Promo,5.642394220523117e-12,True
C06547,General Offer,General Offer,0.9673659488211521,Device Upgrade Offer,0.02297447451296445,Data Booster,0.009659576630144816,True
C00652,General Offer,General Offer,0.9972673818032946,Retention Offer,0.001923771770036698,Roaming Pass,0.0008088463925950758,True
C08372,Roaming Pass,Retention Offer,0.42768727511873944,Data Booster,0.3123890067088765,Device Upgrade Offer,0.13315003698366817,False
C07142,Retention Offer,"General Offer""",0.932780969691123,General Offer,0.04500106450942928,Retention Offer,0.012020581461573256,True
C05153,General Offer,General Offer,0.9347662216550267,Device Upgrade Offer,0.061094558837194474,Roaming Pass,0.0020696097386158296,True
C07530,Device Upgrade Offer,Device Upgrade Offer,0.9317206952194221,General Offer,0.0682793047381505,Top-up Promo,6.061055122892924e-12,True
C04475,General Offer,General Offer,0.6778075122797299,Device Upgrade Offer,0.313228448794341,Data Booster,0.008964038885715992,True
C00035,General Offer,General Offer,0.9991963593820384,"General Offer""",0.0008036405784649112,Top-up Promo,5.642394220523117e-12,True
C09889,General Offer,General Offer,0.7574728435444733,Device Upgrade Offer,0.22228295011044766,Roaming Pass,0.012901802291236986,True
C08664,General Offer,General Offer,0.9102483325008135,Device Upgrade Offer,0.0862132955662473,Roaming Pass,0.0008845929785767002,True
C07275,General Offer,Data Booster,0.4081137525302499,Device Upgrade Offer,0.40375823117983156,General Offer,0.17710791305047832,True
C01239,General Offer,General Offer,0.9900038932676755,Top-up Promo,0.003266186455630697,Roaming Pass,0.00196755508364749,True
C01118,General Offer,General Offer,0.9972673818032946,Roaming Pass,0.001923771770036698,Device Upgrade Offer,0.0008088463925950758,True
C03093,General Offer,General Offer,0.9825809658949057,Device Upgrade Offer,0.016590848351493766,"General Offer""",0.0008281857187121719,True
C01211,General Offer,General Offer,0.9999999999550127,Top-up Promo,5.623413251650514e-12,Streaming Partner Pack,5.623413251650514e-12,True
C05546,Data Booster,Data Booster,0.9712339370039681,Device Upgrade Offer,0.020838676834182696,General Offer,0.007927386126286642,True
C07603,General Offer,General Offer,0.9999999999550127,Top-up Promo,5.623413251650514e-12,Streaming Partner Pack,5.623413251650514e-12,True
C02263,Device Upgrade Offer,Device Upgrade Offer,0.9509095774449473,General Offer,0.043359861525024794,Data Booster,0.004869709795164687,True
C07923,General Offer,General Offer,0.9999999999550127,Top-up Promo,5.623413251650514e-12,Streaming Partner Pack,5.623413251650514e-12,True
C09788,General Offer,General Offer,0.9999999999550127,Top-up Promo,5.623413251650514e-12,Streaming Partner Pack,5.623413251650514e-12,True
C09347,General Offer,General Offer,0.939882921315718,Device Upgrade Offer,0.055828094469378656,Data Booster,0.003422211402090841,True
C06352,General Offer,General Offer,0.9756635536938222,Device Upgrade Offer,0.022662728793692404,Roaming Pass,0.0008368587415536533,True
C08768,Device Upgrade Offer,Device Upgrade Offer,0.9553258257636987,General Offer,0.042968030349499135,"General Offer""",0.0008530719284274012,True
C09627,Top-up Promo,Streaming Partner Pack,0.9414026516117349,General Offer,0.0534332548692675,"General Offer""",0.003427744898049945,False
C00138,General Offer,General Offer,0.9923325016258224,Data Booster,0.003245863259032654,Device Upgrade Offer,0.0019553123628703243,True
C00680,General Offer,General Offer,0.8935518296812756,Device Upgrade Offer,0.08848831110228918,Data Booster,0.012215679540311636,True
C02539,General Offer,General Offer,0.9611532247578978,Device Upgrade Offer,0.03597331085985802,Family Plan Offer,0.002022927930041694,True
C01366,Top-up Promo,Streaming Partner Pack,0.9621358598125216,"General Offer""",0.035848245181653145,General Offer,0.0020158949701199382,False
C04173,Device Upgrade Offer,Device Upgrade Offer,0.8871604214865874,General Offer,0.10982455953688011,"General Offer""",0.002122582808028278,True
C08641,General Offer,General Offer,0.7833202297088752,Device Upgrade Offer,0.2120789700072794,Data Booster,0.0036710116897629517,True
C01335,Device Upgrade Offer,Device Upgrade Offer,0.8943004440131893,General Offer,0.08767770921272433,Data Booster,0.018021846736188857,True
C00721,General Offer,General Offer,0.8133487537233427,Device Upgrade Offer,0.15849831532121242,Roaming Pass,0.02119884234523134,True
C05719,General Offer,General Offer,0.9999999999550127,Top-up Promo,5.623413251650514e-12,Streaming Partner Pack,5.623413251650514e-12,True
C04766,Device Upgrade Offer,Device Upgrade Offer,0.9270526243817883,"General Offer""",0.035737978622179346,Data Booster,0.020121694040909188,True
C03042,Data Booster,Data Booster,0.80669863235339,Device Upgrade Offer,0.1680338063904484,Family Plan Offer,0.018965392495011214,True
C01778,General Offer,General Offer,0.8937737010203947,Roaming Pass,0.06205366881051284,Family Plan Offer,0.03182959537567072,True
C03465,General Offer,General Offer,0.9999999999550127,Top-up Promo,5.623413251650514e-12,Streaming Partner Pack,5.623413251650514e-12,True
C05888,Device Upgrade Offer,Device Upgrade Offer,0.816506963846233,Data Booster,0.12422661487662623,"General Offer""",0.053566659241582396,True
C04556,Data Booster,Data Booster,0.9480263908158529,General Offer,0.04819853349922979,"General Offer""",0.0020506725035817565,True
C01365,General Offer,General Offer,0.9570133181128834,Device Upgrade Offer,0.031974613546205795,Data Booster,0.008098484135775328,True
C08006,General Offer,General Offer,0.9999999999550127,Top-up Promo,5.623413251650514e-12,Streaming Partner Pack,5.623413251650514e-12,True
C03383,Top-up Promo,Streaming Partner Pack,0.7008682607606328,"General Offer""",0.29281020257728324,General Offer,0.005371908412201783,False
C05347,General Offer,General Offer,0.9999999999550127,Top-up Promo,5.623413251650514e-12,Streaming Partner Pack,5.623413251650514e-12,True
C00283,General Offer,General Offer,0.9959859041715511,Device Upgrade Offer,0.003202875973751108,Top-up Promo,0.0008112198205240612,True
C03608,Data Booster,Data Booster,0.9869427711171395,Device Upgrade Offer,0.011095757504636592,General Offer,0.001961471343482516,True
C09109,Top-up Promo,Streaming Partner Pack,0.9794204496802833,General Offer,0.01859893958555569,"General Offer""",0.00198061069908064,False
C00465,Voice Bundle,Top-up Promo,0.7169079667958684,General Offer,0.13760506432169045,Streaming Partner Pack,0.13089311330995093,False
C03929,General Offer,General Offer,0.9972673818032946,Retention Offer,0.001923771770036698,Top-up Promo,0.0008088463925950758,True
C03214,Data Booster,Data Booster,0.8170605393639495,General Offer,0.11358486002639184,Device Upgrade Offer,0.069354600569717,True
C07246,General Offer,General Offer,0.9711197534749796,Device Upgrade Offer,0.028880246483901764,Top-up Promo,5.874099682545312e-12,True
C03341,General Offer,General Offer,0.9493927929856607,Device Upgrade Offer,0.03899557637324868,Data Booster,0.009876743503648812,True
C00887,Retention Offer,"General Offer""",0.9137665066287667,Streaming Partner Pack,0.04538923724020089,General Offer,0.03574662881440049,False
C05210,General Offer,General Offer,0.9972673818032946,"General Offer""",0.001923771770036698,Top-up Promo,0.0008088463925950758,True
C07051,Device Upgrade Offer,Device Upgrade Offer,0.9754107359334495,General Offer,0.02458926402561209,Top-up Promo,5.848345546387674e-12,True
C03931,General Offer,General Offer,0.9701802074021,"General Offer""",0.028980253273970167,Top-up Promo,0.0008395392885632286,True
C01837,Top-up Promo,Streaming Partner Pack,0.8882297582888035,General Offer,0.11177024166771823,Top-up Promo,6.211209981649313e-12,True
C09388,General Offer,General Offer,0.9999999999550127,Top-up Promo,5.623413251650514e-12,Streaming Partner Pack,5.623413251650514e-12,True
C06153,Device Upgrade Offer,Device Upgrade Offer,0.5157855670125303,General Offer,0.48229737654323335,"General Offer""",0.0009585282052935435,True
C06455,General Offer,General Offer,0.9991963593820383,Device Upgrade Offer,0.0008036405784649111,Top-up Promo,5.642394220523117e-12,True
C05790,Device Upgrade Offer,Device Upgrade Offer,0.9603334923624184,General Offer,0.03165019238978716,Data Booster,0.008016315211832917,True
C08016,General Offer,General Offer,0.9737293383011811,Data Booster,0.01890305130678528,"General Offer""",0.003341618941036277,True
C05854,General Offer,General Offer,0.9869427711171396,Streaming Partner Pack,0.011095757504636592,"General Offer""",0.0019614713434825165,True
C02802,General Offer,General Offer,0.6923153696758259,Device Upgrade Offer,0.2776696791302848,Family Plan Offer,0.011248620577752498,True
C04459,General Offer,General Offer,0.9842649861719318,Device Upgrade Offer,0.012932264039558201,Data Booster,0.0019731446344454463,True
C09357,General Offer,General Offer,0.9834517812691529,"General Offer""",0.006251842597866379,Roaming Pass,0.004730102142192593,True
C05595,General Offer,General Offer,0.9999999999550127,Top-up Promo,5.623413251650514e-12,Streaming Partner Pack,5.623413251650514e-12,True
C02255,General Offer,General Offer,0.9943249737519761,"General Offer""",0.003224747782622972,Roaming Pass,0.0008167594808209256,True
C01582,General Offer,General Offer,0.9919357751657327,Device Upgrade Offer,0.006118029035822021,Data Booster,0.0019461957639744616,True
C03557,Top-up Promo,Streaming Partner Pack,0.9991963593820384,General Offer,0.0008036405784649112,Top-up Promo,5.642394220523117e-12,True
C05624,Device Upgrade Offer,Device Upgrade Offer,0.7910743851811461,General Offer,0.19922440869656638,Data Booster,0.008767545620301775,True
C04153,General Offer,General Offer,0.9213290434435493,Roaming Pass,0.07210456712872475,Data Booster,0.006566389390729073,True
C08467,Device Upgrade Offer,Device Upgrade Offer,0.7770966878981723,Roaming Pass,0.10457242265771623,Data Booster,0.07671403415445308,True
C08958,General Offer,General Offer,0.9991963593820384,Retention Offer,0.0008036405784649112,Top-up Promo,5.642394220523117e-12,True
C05026,General Offer,General Offer,0.9597254346352765,Device Upgrade Offer,0.03399563349805812,Roaming Pass,0.003383628744719129,True
C01551,General Offer,General Offer,0.9999999999550127,Top-up Promo,5.623413251650514e-12,Streaming Partner Pack,5.623413251650514e-12,True
C05638,General Offer,General Offer,0.9999999999550127,Top-up Promo,5.623413251650514e-12,Streaming Partner Pack,5.623413251650514e-12,True
C00825,General Offer,General Offer,0.9999999999550127,Top-up Promo,5.623413251650514e-12,Streaming Partner Pack,5.623413251650514e-12,True
C06996,General Offer,General Offer,0.9499012863103472,Device Upgrade Offer,0.03901646234418148,Retention Offer,0.008150098049841114,True
C05979,General Offer,General Offer,0.9951582562035968,Roaming Pass,0.003213780407953962,"General Offer""",0.0008139816799371173,True
C03943,General Offer,General Offer,0.9568425456597066,Top-up Promo,0.03646906791041284,Streaming Partner Pack,0.00205080639771984,True
C02119,Device Upgrade Offer,Device Upgrade Offer,0.814059501579181,General Offer,0.1850266759880051,Roaming Pass,0.0009138223943180472,True
C09124,General Offer,General Offer,0.9999999999550127,Top-up Promo,5.623413251650514e-12,Streaming Partner Pack,5.623413251650514e-12,True
C01970,General Offer,General Offer,0.9999999999550127,Top-up Promo,5.623413251650514e-12,Streaming Partner Pack,5.623413251650514e-12,True
C00993,General Offer,General Offer,0.9999999999550127,Top-up Promo,5.623413251650514e-12,Streaming Partner Pack,5.623413251650514e-12,True
C06127,Roaming Pass,Retention Offer,0.8452413897259563,Roaming Pass,0.09298073083339511,General Offer,0.04805316434942067,True
C01176,General Offer,General Offer,0.9991963593820383,Family Plan Offer,0.0008036405784649111,Top-up Promo,5.642394220523117e-12,True
C07654,General Offer,General Offer,0.9834660010845833,Streaming Partner Pack,0.016533998874853153,Top-up Promo,5.794802191479708e-12,True
C03590,Data Booster,Data Booster,0.9711197534749796,Device Upgrade Offer,0.028880246483901764,Top-up Promo,5.874099682545312e-12,True
C07504,Top-up Promo,Streaming Partner Pack,0.9898428926664822,General Offer,0.009337062261574611,"General Offer""",0.0008200450373977732,False
C04271,General Offer,General Offer,0.9999999999550127,Top-up Promo,5.623413251650514e-12,Streaming Partner Pack,5.623413251650514e-12,True
C02503,Device Upgrade Offer,Device Upgrade Offer,0.963721001868608,General Offer,0.031476465538416425,Data Booster,0.004802532557211469,True
C06360,General Offer,General Offer,0.9999999999550127,Top-up Promo,5.623413251650514e-12,Streaming Partner Pack,5.623413251650514e-12,True
C08794,Device Upgrade Offer,Device Upgrade Offer,0.7926055598326344,General Offer,0.19049102597214015,Data Booster,0.014665778033769046,True
C06027,General Offer,General Offer,0.9701741032662196,"General Offer""",0.008098459008242445,Family Plan Offer,0.008098459008242445,True
C00247,Retention Offer,"General Offer""",0.9983872809561679,Retention Offer,0.0008063595049316077,General Offer,0.0008063595049316077,True
C04583,General Offer,General Offer,0.9991963593820384,Retention Offer,0.0008036405784649112,Top-up Promo,5.642394220523117e-12,True
C09966,Streaming Partner Pack,Roaming Pass,0.9424735916720434,General Offer,0.053245577925392494,Data Booster,0.003415705416486954,False
C01166,General Offer,General Offer,0.9399092447706112,"General Offer""",0.04168811195746258,Streaming Partner Pack,0.0175276919518629,True
C00890,Device Upgrade Offer,Device Upgrade Offer,0.9490474846905023,General Offer,0.04112488342829593,Data Booster,0.009827631844841448,True
C04646,General Offer,General Offer,0.9999999999550127,Top-up Promo,5.623413251650514e-12,Streaming Partner Pack,5.623413251650514e-12,True
C02634,Data Booster,Data Booster,0.7197882727575319,General Offer,0.1633231536875218,Device Upgrade Offer,0.08686559941096794,True
C09407,General Offer,General Offer,0.9564223644913108,Device Upgrade Offer,0.040692297094564504,Roaming Pass,0.002031287285696688,True
C00014,General Offer,General Offer,0.9999999999550127,Top-up Promo,5.623413251650514e-12,Streaming Partner Pack,5.623413251650514e-12,True
C00131,General Offer,General Offer,0.6895308499839176,Device Upgrade Offer,0.30673310577519314,Data Booster,0.003736044201027097,True
C07849,General Offer,General Offer,0.9968079659739277,Retention Offer,0.003192033986338065,Top-up Promo,5.676328314049446e-12,True
C00286,General Offer,General Offer,0.9999999999550127,Top-up Promo,5.623413251650514e-12,Streaming Partner Pack,5.623413251650514e-12,True
C04799,Streaming Partner Pack,Roaming Pass,0.9243705154800571,General Offer,0.0598713259835364,Data Booster,0.010129638091750135,False
C07832,General Offer,General Offer,0.9999999999550127,Top-up Promo,5.623413251650514e-12,Streaming Partner Pack,5.623413251650514e-12,True
C08070,General Offer,General Offer,0.9948518197013417,"General Offer""",0.0032127907968834716,Retention Offer,0.0019353894674954497,True
C09241,Retention Offer,"General Offer""",0.9118139926752209,General Offer,0.0831976608275618,Streaming Partner Pack,0.004988346460069522,False
C08438,Retention Offer,"General Offer""",0.9999999999550127,Top-up Promo,5.623413251650514e-12,Streaming Partner Pack,5.623413251650514e-12,False
C01994,Device Upgrade Offer,Device Upgrade Offer,0.9438524303759657,General Offer,0.055289164101187976,Data Booster,0.0008584054866849341,True
C06993,Device Upgrade Offer,Device Upgrade Offer,0.8727947439288017,General Offer,0.10898119602955625,Data Booster,0.018224060003319276,True
C03614,Device Upgrade Offer,Device Upgrade Offer,0.6847206037168938,Family Plan Offer,0.2706754680440031,General Offer,0.03927836389148664,True
C03859,General Offer,General Offer,0.941402651611735,Device Upgrade Offer,0.053433254869267505,"General Offer""",0.0034277448980499455,True
C06130,General Offer,General Offer,0.9991963593820384,"General Offer""",0.0008036405784649112,Top-up Promo,5.642394220523117e-12,True
C02095,General Offer,General Offer,0.9999999999550127,Top-up Promo,5.623413251650514e-12,Streaming Partner Pack,5.623413251650514e-12,True
C04598,General Offer,General Offer,0.9999999999550127,Top-up Promo,5.623413251650514e-12,Streaming Partner Pack,5.623413251650514e-12,True
C05480,General Offer,Device Upgrade Offer,0.5208512788654149,General Offer,0.40529945074126417,Roaming Pass,0.031092651693762217,True
C06985,General Offer,General Offer,0.9999999999550127,Top-up Promo,5.623413251650514e-12,Streaming Partner Pack,5.623413251650514e-12,True
C01875,General Offer,General Offer,0.9844816507671426,"General Offer""",0.014692148947168325,Data Booster,0.000826200250884463,True
C06428,General Offer,General Offer,0.9953133169280173,Streaming Partner Pack,0.0019362872663978574,Retention Offer,0.0019362872663978574,True
C09619,General Offer,General Offer,0.9999999999550127,Top-up Promo,5.623413251650514e-12,Streaming Partner Pack,5.623413251650514e-12,True
C05216,General Offer,General Offer,0.9991963593820384,"General Offer""",0.0008036405784649112,Top-up Promo,5.642394220523117e-12,True
C03969,General Offer,General Offer,0.920302036040403,Device Upgrade Offer,0.04774132612262378,Data Booster,0.024338312933039223,True
C02636,Device Upgrade Offer,Device Upgrade Offer,0.9800177935675382,General Offer,0.016692342071746254,Data Booster,0.0032898643256137443,True
C04842,Voice Bundle,Top-up Promo,0.7095272208065209,General Offer,0.17970803410333058,Data Booster,0.05774347182324474,False
C08730,Data Booster,Data Booster,0.8260307101405532,General Offer,0.08943294701040615,Roaming Pass,0.08358843076129581,True
C06062,Data Booster,Data Booster,0.757519492957221,General Offer,0.24026635820756476,Roaming Pass,0.002214148795997504,True
C09353,General Offer,General Offer,0.9991963593820384,Roaming Pass,0.0008036405784649112,Top-up Promo,5.642394220523117e-12,True
C06368,General Offer,General Offer,0.9999999999550127,Top-up Promo,5.623413251650514e-12,Streaming Partner Pack,5.623413251650514e-12,True
C01470,Device Upgrade Offer,Device Upgrade Offer,0.9322174824431015,General Offer,0.06604693530346026,Roaming Pass,0.0008677911114870896,True
C08154,General Offer,General Offer,0.9999999999550127,Top-up Promo,5.623413251650514e-12,Streaming Partner Pack,5.623413251650514e-12,True
C06348,General Offer,General Offer,0.9881166110838708,Family Plan Offer,0.011061256102847401,Device Upgrade Offer,0.0008221327786483375,True
C02611,Retention Offer,"General Offer""",0.9682818239329796,General Offer,0.02918202277938869,Top-up Promo,0.0008453844212965913,False
C03697,General Offer,General Offer,0.985290170904234,Roaming Pass,0.009455752379206695,Device Upgrade Offer,0.0032788768769838133,True
C07998,General Offer,General Offer,0.9999999999550127,Top-up Promo,5.623413251650514e-12,Streaming Partner Pack,5.623413251650514e-12,True
C02960,General Offer,General Offer,0.9983872809561679,Roaming Pass,0.0008063595049316077,Family Plan Offer,0.0008063595049316077,True
C06965,Device Upgrade Offer,Device Upgrade Offer,0.6533536508000176,General Offer,0.3411336162782864,Roaming Pass,0.00227756697186574,True
C09466,Retention Offer,"General Offer""",0.9961405672119575,Retention Offer,0.0019297163769317644,General Offer,0.0019297163769317644,True
C04900,General Offer,General Offer,0.9972673818032946,"General Offer""",0.001923771770036698,Retention Offer,0.0008088463925950758,True
C04394,General Offer,General Offer,0.9464113115701063,Roaming Pass,0.052731909435025655,"General Offer""",0.000856778958775329,True
C08052,General Offer,General Offer,0.9999999999550127,Top-up Promo,5.623413251650514e-12,Streaming Partner Pack,5.623413251650514e-12,True
C08860,General Offer,General Offer,0.9999999999550127,Top-up Promo,5.623413251650514e-12,Streaming Partner Pack,5.623413251650514e-12,True
C00533,Device Upgrade Offer,Device Upgrade Offer,0.8135864650998481,General Offer,0.16005011327728866,Data Booster,0.025424577034370253,True
C04569,General Offer,General Offer,0.9847165221399861,Data Booster,0.009491424641022338,Roaming Pass,0.0032912465911774966,True
C08648,Retention Offer,"General Offer""",0.7150907761610291,General Offer,0.28023386136482753,Retention Offer,0.0037305053985333667,True
C05962,Retention Offer,"General Offer""",0.9728847458691918,General Offer,0.013240884329472449,Family Plan Offer,0.009671334510671736,False
C08474,General Offer,General Offer,0.9980827280717024,Retention Offer,0.0019172718886793763,Top-up Promo,5.659756910892866e-12,True
C04912,Roaming Pass,Retention Offer,0.886947262771738,General Offer,0.11216495660019248,Streaming Partner Pack,0.0008877805906707124,False
C08291,General Offer,General Offer,0.9999999999550127,Top-up Promo,5.623413251650514e-12,Streaming Partner Pack,5.623413251650514e-12,True
C05571,General Offer,General Offer,0.9980827280717023,Family Plan Offer,0.001917271888679376,Top-up Promo,5.659756910892866e-12,True
C01131,Retention Offer,General Offer,0.47654656854551875,"General Offer""",0.4420198528002581,Streaming Partner Pack,0.08041685096070617,False
C07284,General Offer,General Offer,0.9999999999550127,Top-up Promo,5.623413251650514e-12,Streaming Partner Pack,5.623413251650514e-12,True
C07074,Device Upgrade Offer,Device Upgrade Offer,0.9349234182888155,General Offer,0.05856949640354463,Data Booster,0.006507085270976956,True
C04269,General Offer,General Offer,0.9991963593820384,Retention Offer,0.0008036405784649112,Top-up Promo,5.642394220523117e-12,True
C01104,General Offer,General Offer,0.9769481181658807,Device Upgrade Offer,0.016786665327313568,Data Booster,0.006265216471505648,True
C09783,Data Booster,Data Booster,0.9723197107407096,Device Upgrade Offer,0.024837722935452566,General Offer,0.002001175600094409,True
C01233,General Offer,General Offer,0.9999999999550127,Top-up Promo,5.623413251650514e-12,Streaming Partner Pack,5.623413251650514e-12,True
C05610,General Offer,General Offer,0.9999999999550127,Top-up Promo,5.623413251650514e-12,Streaming Partner Pack,5.623413251650514e-12,True
C08012,General Offer,General Offer,0.9964465009984514,"General Offer""",0.0019303090296732407,Roaming Pass,0.0008115949716920517,True
C09000,Family Plan Offer,General Offer,0.40642390903776515,Device Upgrade Offer,0.3927400757086014,Data Booster,0.1029384631963036,False
C02259,General Offer,General Offer,0.9903440676260966,Data Booster,0.007704538027704119,Roaming Pass,0.001951394311636443,True
C06102,General Offer,General Offer,0.9939216300347296,Roaming Pass,0.006078369925315314,Top-up Promo,5.70789782525533e-12,True
C01960,Data Booster,Data Booster,0.9813812694116634,Device Upgrade Offer,0.01664279448663784,General Offer,0.0019759360667012094,True
C05448,General Offer,General Offer,0.7424731129621048,Device Upgrade Offer,0.23401801733639002,Data Booster,0.01929229430186531,True
C03131,General Offer,General Offer,0.9964465009984514,Roaming Pass,0.0019303090296732407,Retention Offer,0.0008115949716920517,True
C05338,Data Booster,Data Booster,0.814505181246337,Device Upgrade Offer,0.09121540767988848,General Offer,0.0823045345413593,True
C02781,General Offer,General Offer,0.9841471511890315,Device Upgrade Offer,0.011160455334383418,Data Booster,0.004692393441641108,True
C05358,General Offer,General Offer,0.9999999999550127,Top-up Promo,5.623413251650514e-12,Streaming Partner Pack,5.623413251650514e-12,True
C01331,General Offer,General Offer,0.5648740060725375,Device Upgrade Offer,0.27316230101095484,Top-up Promo,0.13372070326235191,True
C02400,General Offer,General Offer,0.9733981215964197,Roaming Pass,0.02088511131470624,Streaming Partner Pack,0.002012310987601602,True
C00333,General Offer,General Offer,0.9999999999550127,Top-up Promo,5.623413251650514e-12,Streaming Partner Pack,5.623413251650514e-12,True
C01575,General Offer,General Offer,0.9980827280717024,"General Offer""",0.0019172718886793763,Top-up Promo,5.659756910892866e-12,True
C01793,Device Upgrade Offer,Device Upgrade Offer,0.9539000283969631,General Offer,0.04524817282498014,Data Booster,0.0008517987421736792,True
C05745,Device Upgrade Offer,Device Upgrade Offer,0.7992518689769749,General Offer,0.17979881362142822,Data Booster,0.020949317362083386,True
C05512,Family Plan Offer,Family Plan Offer,0.425462312429043,Device Upgrade Offer,0.3416273092199088,General Offer,0.16758827116657452,True
C09249,Retention Offer,"General Offer""",0.9499691388024546,General Offer,0.05003086115566416,Top-up Promo,5.9830531609052364e-12,False
C00799,General Offer,General Offer,0.9785327251613786,Device Upgrade Offer,0.016740180476413468,Family Plan Offer,0.00472709432700549,True
C03068,General Offer,General Offer,0.8009289551909118,Device Upgrade Offer,0.19384276329327046,Data Booster,0.005228281476882957,True
C07141,General Offer,General Offer,0.9844816507671426,Streaming Partner Pack,0.014692148947168325,"General Offer""",0.000826200250884463,True
C07523,General Offer,General Offer,0.8957004167261285,Roaming Pass,0.04471177589362581,Device Upgrade Offer,0.02316449086195352,True
C00888,Data Booster,Data Booster,0.5245443320191556,Retention Offer,0.4380629273139969,General Offer,0.024873021970237268,True
C07138,General Offer,General Offer,0.9701802074021001,"General Offer""",0.02898025327397017,Retention Offer,0.0008395392885632287,True
C09432,General Offer,General Offer,0.9991963593820384,Retention Offer,0.0008036405784649112,Top-up Promo,5.642394220523117e-12,True
C03735,Device Upgrade Offer,Device Upgrade Offer,0.9842649861719317,General Offer,0.0129322640395582,Data Booster,0.0019731446344454463,True
C01188,General Offer,General Offer,0.9983872809561679,Roaming Pass,0.0008063595049316077,"General Offer""",0.0008063595049316077,True
C05729,Device Upgrade Offer,Device Upgrade Offer,0.8137236935571281,General Offer,0.18265003778782535,Data Booster,0.003626268616355468,True
C08516,General Offer,General Offer,0.9999999999550127,Top-up Promo,5.623413251650514e-12,Streaming Partner Pack,5.623413251650514e-12,True
C04178,General Offer,General Offer,0.9961405672119575,"General Offer""",0.0019297163769317644,Family Plan Offer,0.0019297163769317644,True
C06459,Top-up Promo,Streaming Partner Pack,0.9871961564825881,General Offer,0.01280384347704407,Top-up Promo,5.766851762768997e-12,True
C00763,General Offer,General Offer,0.9991963593820383,Data Booster,0.0008036405784649111,Top-up Promo,5.642394220523117e-12,True
C08887,Retention Offer,"General Offer""",0.5292408669450027,Device Upgrade Offer,0.4021232768243142,General Offer,0.04101556561293303,False
C01451,General Offer,General Offer,0.9999999999550127,Top-up Promo,5.623413251650514e-12,Streaming Partner Pack,5.623413251650514e-12,True
C08635,Streaming Partner Pack,Roaming Pass,0.9786284472234353,General Offer,0.020539481916682173,Device Upgrade Offer,0.0008320708248305362,False
C03486,Data Booster,Data Booster,0.8694081545642418,Retention Offer,0.12110637566769276,Device Upgrade Offer,0.005152636326458952,True
C04688,General Offer,General Offer,0.5504290560999604,Device Upgrade Offer,0.3400593207265393,Data Booster,0.04265762618833963,True
C04252,General Offer,General Offer,0.9999999999550127,Top-up Promo,5.623413251650514e-12,Streaming Partner Pack,5.623413251650514e-12,True
C08930,Retention Offer,"General Offer""",0.5501515315932768,Device Upgrade Offer,0.32586077453736445,General Offer,0.0711208581471661,False
C01762,General Offer,General Offer,0.9909019700923591,"General Offer""",0.004663794917398774,Family Plan Offer,0.001960884213759562,True
C09389,General Offer,General Offer,0.9999999999550127,Top-up Promo,5.623413251650514e-12,Streaming Partner Pack,5.623413251650514e-12,True
C00849,Device Upgrade Offer,General Offer,0.7133137376056423,Device Upgrade Offer,0.20978588719492566,Roaming Pass,0.048498877153320415,True
C00235,Device Upgrade Offer,Device Upgrade Offer,0.9222146806711736,General Offer,0.06953025499467601,Data Booster,0.008255064297117748,True
C04508,General Offer,General Offer,0.9959859041715511,Top-up Promo,0.003202875973751108,Device Upgrade Offer,0.0008112198205240612,True
C05740,General Offer,General Offer,0.9959859041715512,"General Offer""",0.0032028759737511084,Retention Offer,0.0008112198205240613,True
C00360,Retention Offer,"General Offer""",0.9968079659739277,General Offer,0.003192033986338065,Top-up Promo,5.676328314049446e-12,False
C00258,General Offer,General Offer,0.9991963593820384,Retention Offer,0.0008036405784649112,Top-up Promo,5.642394220523117e-12,True
C05537,General Offer,General Offer,0.9999999999550127,Top-up Promo,5.623413251650514e-12,Streaming Partner Pack,5.623413251650514e-12,True
C03105,General Offer,General Offer,0.9906516390406046,Retention Offer,0.007706930828082064,"General Offer""",0.0008207150512510079,True
C05692,Device Upgrade Offer,Device Upgrade Offer,0.7211770665840249,Roaming Pass,0.24848960892887956,General Offer,0.015232186967153883,True
C05737,General Offer,General Offer,0.9860703296306091,Roaming Pass,0.011133919362103359,Data Booster,0.0019682174705318725,True
C02578,Retention Offer,"General Offer""",0.9263588268957985,Streaming Partner Pack,0.05184361715661192,General Offer,0.021797555910390468,False
C04339,General Offer,General Offer,0.9968079659739277,Roaming Pass,0.003192033986338065,Top-up Promo,5.676328314049446e-12,True
C07321,Data Booster,Data Booster,0.9637737835525032,General Offer,0.033679149428354475,Roaming Pass,0.0008490223317660444,True
C04386,General Offer,General Offer,0.9980827280717023,Data Booster,0.001917271888679376,Top-up Promo,5.659756910892866e-12,True
C03901,General Offer,General Offer,0.9911718149316906,Roaming Pass,0.0032559990992022635,Retention Offer,0.0019614182065273433,True
C02673,General Offer,General Offer,0.729437446431732,Device Upgrade Offer,0.2602288936967493,Data Booster,0.007117549767905759,True
C00625,Retention Offer,"General Offer""",0.9881166110838709,General Offer,0.011061256102847403,Retention Offer,0.0008221327786483376,True
C06906,General Offer,General Offer,0.9999999999550127,Top-up Promo,5.623413251650514e-12,Streaming Partner Pack,5.623413251650514e-12,True
C02299,General Offer,General Offer,0.9991963593820384,"General Offer""",0.0008036405784649112,Top-up Promo,5.642394220523117e-12,True
C04965,Top-up Promo,Streaming Partner Pack,0.9968079659739277,General Offer,0.003192033986338065,Top-up Promo,5.676328314049446e-12,True
C00168,General Offer,Device Upgrade Offer,0.5112634954552566,General Offer,0.46389720080154506,Data Booster,0.013438803389520828,True
C03220,General Offer,General Offer,0.9972673818032944,Family Plan Offer,0.0019237717700366977,Top-up Promo,0.0008088463925950757,True
C06272,General Offer,General Offer,0.9898428926664823,Streaming Partner Pack,0.009337062261574613,"General Offer""",0.0008200450373977733,True
C00645,General Offer,General Offer,0.9889064408903361,Family Plan Offer,0.0061783173705413745,Device Upgrade Offer,0.003262565778868776,True
C04612,Device Upgrade Offer,Device Upgrade Offer,0.9886773723027316,General Offer,0.009366145679166547,Data Booster,0.00195648198344889,True
C09935,Device Upgrade Offer,Device Upgrade Offer,0.7550144835131031,Roaming Pass,0.11264400147312456,General Offer,0.08091237050491275,True
C00069,Device Upgrade Offer,Device Upgrade Offer,0.8059403819396942,"General Offer""",0.1391811962394758,General Offer,0.03860803773641528,True
C03713,General Offer,General Offer,0.9999999999550127,Top-up Promo,5.623413251650514e-12,Streaming Partner Pack,5.623413251650514e-12,True
C09340,General Offer,General Offer,0.9999999999550127,Top-up Promo,5.623413251650514e-12,Streaming Partner Pack,5.623413251650514e-12,True
C03944,Top-up Promo,Streaming Partner Pack,0.9825809658949057,General Offer,0.016590848351493766,"General Offer""",0.0008281857187121719,False
C07298,Data Booster,Data Booster,0.7890511349637256,General Offer,0.21002806792302756,Roaming Pass,0.0009207970744571917,True
C07619,General Offer,General Offer,0.7297268374418968,Device Upgrade Offer,0.2509540281043752,Data Booster,0.017040059502398865,True
C06080,Retention Offer,"General Offer""",0.9906516390406047,General Offer,0.007706930828082065,Device Upgrade Offer,0.000820715051251008,False
C09754,General Offer,General Offer,0.977410840740502,Roaming Pass,0.020603939547305695,Data Booster,0.001985219677030273,True
C05629,General Offer,General Offer,0.9999999999550127,Top-up Promo,5.623413251650514e-12,Streaming Partner Pack,5.623413251650514e-12,True
C01725,General Offer,General Offer,0.9390023912683306,Streaming Partner Pack,0.04665233740901156,"General Offer""",0.00999958337526884,True
C00942,General Offer,General Offer,0.9999999999550127,Top-up Promo,5.623413251650514e-12,Streaming Partner Pack,5.623413251650514e-12,True
C01257,Retention Offer,"General Offer""",0.9945845662566776,General Offer,0.004601921274186336,Data Booster,0.0008135124348659487,False
C03629,General Offer,General Offer,0.9999999999550127,Top-up Promo,5.623413251650514e-12,Streaming Partner Pack,5.623413251650514e-12,True
C04416,General Offer,General Offer,0.9983872809561679,"General Offer""",0.0008063595049316077,Data Booster,0.0008063595049316077,True
C09728,General Offer,General Offer,0.9999999999550127,Top-up Promo,5.623413251650514e-12,Streaming Partner Pack,5.623413251650514e-12,True
C02487,General Offer,General Offer,0.9991963593820384,Retention Offer,0.0008036405784649112,Top-up Promo,5.642394220523117e-12,True
C05953,General Offer,General Offer,0.9980827280717024,Roaming Pass,0.0019172718886793763,Top-up Promo,5.659756910892866e-12,True
C07611,General Offer,General Offer,0.9891907013881361,"General Offer""",0.006153557944199638,Retention Offer,0.00465574063299331,True
C03344,General Offer,General Offer,0.9980827280717024,Retention Offer,0.0019172718886793763,Top-up Promo,5.659756910892866e-12,True
C07463,Data Booster,Data Booster,0.8413686036405588,Device Upgrade Offer,0.1503250976800052,General Offer,0.0052004565158070394,True
C00303,Data Booster,Data Booster,0.9307469169669897,Device Upgrade Offer,0.04983562763719546,General Offer,0.011994368988053696,True
C01056,General Offer,General Offer,0.9879969954144021,Device Upgrade Offer,0.004710749419985041,Roaming Pass,0.0019806261502119684,True
C09191,General Offer,General Offer,0.9795792251001215,Data Booster,0.01675808340126478,Top-up Promo,0.0019896238836531704,True
C09988,General Offer,General Offer,0.9999999999550127,Top-up Promo,5.623413251650514e-12,Streaming Partner Pack,5.623413251650514e-12,True
C08484,Data Booster,Data Booster,0.9906947533460335,General Offer,0.009305246613800822,Top-up Promo,5.737951934766788e-12,True
C05193,General Offer,General Offer,0.9991963593820384,Retention Offer,0.0008036405784649112,Top-up Promo,5.642394220523117e-12,True
C09015,Device Upgrade Offer,Device Upgrade Offer,0.9421550373226467,General Offer,0.04615491272251677,Data Booster,0.011690049918234316,True
C05253,Roaming Pass,Retention Offer,0.835257927262005,General Offer,0.11419112373614772,Data Booster,0.030502471886444796,False
C03056,Data Booster,Data Booster,0.9565426965786225,Device Upgrade Offer,0.023343237888924985,General Offer,0.019252077836834434,True
C01265,Retention Offer,"General Offer""",0.9701666645712288,General Offer,0.026984441037035137,Retention Offer,0.0020056305797258507,True
C06097,Streaming Partner Pack,Roaming Pass,0.904902525103366,General Offer,0.07947476457274766,Device Upgrade Offer,0.0102618030252745,False
C04177,Retention Offer,"General Offer""",0.9959859041715512,General Offer,0.0032028759737511084,Retention Offer,0.0008112198205240613,True
C04579,Family Plan Offer,Device Upgrade Offer,0.5312065150671936,General Offer,0.21936367421604672,Family Plan Offer,0.1466614092267992,True
C07077,Device Upgrade Offer,Device Upgrade Offer,0.9034068428903437,Roaming Pass,0.05621327616596551,General Offer,0.03386295264869333,True
C06705,Device Upgrade Offer,Device Upgrade Offer,0.8996450862096513,General Offer,0.09769326759674414,Roaming Pass,0.000887215389562606,True
C09667,General Offer,General Offer,0.9991963593820384,Retention Offer,0.0008036405784649112,Top-up Promo,5.642394220523117e-12,True
C06841,General Offer,General Offer,0.9999999999550127,Top-up Promo,5.623413251650514e-12,Streaming Partner Pack,5.623413251650514e-12,True
C05720,General Offer,General Offer,0.9999999999550127,Top-up Promo,5.623413251650514e-12,Streaming Partner Pack,5.623413251650514e-12,True
C04317,Device Upgrade Offer,Device Upgrade Offer,0.9033352517997458,General Offer,0.09666474815710906,Top-up Promo,6.163595405074903e-12,True
C06494,General Offer,General Offer,0.9991963593820384,Retention Offer,0.0008036405784649112,Top-up Promo,5.642394220523117e-12,True
C06637,General Offer,General Offer,0.9972673818032946,Roaming Pass,0.001923771770036698,Device Upgrade Offer,0.0008088463925950758,True
C02266,General Offer,General Offer,0.9258078261109354,Device Upgrade Offer,0.06946829795985086,Top-up Promo,0.002088967715454371,True
C05672,Device Upgrade Offer,Device Upgrade Offer,0.6771312491293092,General Offer,0.25167608729708413,Data Booster,0.03781510141356625,True
C08608,General Offer,General Offer,0.9999999999550127,Top-up Promo,5.623413251650514e-12,Streaming Partner Pack,5.623413251650514e-12,True
C05936,Device Upgrade Offer,Device Upgrade Offer,0.9370800376732541,General Offer,0.06291996228447067,Top-up Promo,6.039318094108068e-12,True
C06797,General Offer,General Offer,0.9679721643130148,Device Upgrade Offer,0.0291726902752971,Data Booster,0.0020100313173615674,True
C01415,Top-up Promo,Streaming Partner Pack,0.9906947533460335,General Offer,0.009305246613800822,Top-up Promo,5.737951934766788e-12,True
C06053,General Offer,General Offer,0.9991963593820384,"General Offer""",0.0008036405784649112,Top-up Promo,5.642394220523117e-12,True
C04779,General Offer,General Offer,0.9972673818032946,Retention Offer,0.001923771770036698,Streaming Partner Pack,0.0008088463925950758,True
C05876,General Offer,General Offer,0.9991963593820384,"General Offer""",0.0008036405784649112,Top-up Promo,5.642394220523117e-12,True
C01482,Data Booster,Data Booster,0.8935193606434151,General Offer,0.08046571997981072,Device Upgrade Offer,0.018279892273922054,True
C04956,Device Upgrade Offer,Device Upgrade Offer,0.869617725990002,General Offer,0.1259201638992881,Data Booster,0.0035603498015208384,True
C02269,Device Upgrade Offer,Device Upgrade Offer,0.8618161648949427,General Offer,0.11889466283711178,Data Booster,0.018372071040182455,True
C03850,Top-up Promo,Streaming Partner Pack,0.934703447088098,General Offer,0.03750461613490577,"General Offer""",0.021889025165464943,False
C09964,General Offer,General Offer,0.9251225254300692,Retention Offer,0.07400812515685802,"General Offer""",0.0008693493764504395,True
C02040,Top-up Promo,Streaming Partner Pack,0.9806290380557302,General Offer,0.01854081992581424,Top-up Promo,0.0008301419834847824,True
C00479,Data Booster,Data Booster,0.9795558950859292,Device Upgrade Offer,0.014875553957519548,General Offer,0.004732037054644065,True
C05063,General Offer,General Offer,0.9961405672119575,Streaming Partner Pack,0.0019297163769317644,"General Offer""",0.0019297163769317644,True
C04145,Retention Offer,"General Offer""",0.8080663444679783,General Offer,0.18671706843937055,Streaming Partner Pack,0.005216587053803505,False
C01281,Device Upgrade Offer,General Offer,0.6326309118486146,Device Upgrade Offer,0.32848109464113673,Roaming Pass,0.029551390595066857,True
C00716,Retention Offer,"General Offer""",0.9789168860560387,General Offer,0.014931309405580153,Retention Offer,0.003315121601887142,True
C09026,General Offer,General Offer,0.9915014353420393,Roaming Pass,0.007680648401462614,"General Offer""",0.0008179162220424486,True
C00740,General Offer,General Offer,0.9929093640524823,Retention Offer,0.004633402943516771,Streaming Partner Pack,0.0008190776603326044,True
C03146,General Offer,General Offer,0.9999999999550127,Top-up Promo,5.623413251650514e-12,Streaming Partner Pack,5.623413251650514e-12,True
C08114,General Offer,General Offer,0.9991963593820383,Data Booster,0.0008036405784649111,Top-up Promo,5.642394220523117e-12,True
C08596,General Offer,General Offer,0.9919357751657327,Family Plan Offer,0.006118029035822021,"General Offer""",0.0019461957639744616,True
C06380,General Offer,General Offer,0.9871961564825881,Streaming Partner Pack,0.01280384347704407,Top-up Promo,5.766851762768997e-12,True
C03354,Device Upgrade Offer,Device Upgrade Offer,0.6489323545308906,General Offer,0.34500935603101474,Data Booster,0.0037807565866020457,True
C09702,General Offer,General Offer,0.9999999999550127,Top-up Promo,5.623413251650514e-12,Streaming Partner Pack,5.623413251650514e-12,True
C03260,General Offer,General Offer,0.9999999999550127,Top-up Promo,5.623413251650514e-12,Streaming Partner Pack,5.623413251650514e-12,True
C08061,Device Upgrade Offer,Device Upgrade Offer,0.913572479137239,General Offer,0.08295599922802456,Data Booster,0.003471521597696341,True
C05714,General Offer,General Offer,0.975902767847446,Device Upgrade Offer,0.018778031484870915,Data Booster,0.003319518350071682,True
C03156,General Offer,General Offer,0.9549106340811321,Device Upgrade Offer,0.025755625309011806,Family Plan Offer,0.011738713638560782,True
C01611,General Offer,General Offer,0.9327827798553971,Top-up Promo,0.03778777576622413,"General Offer""",0.019954478975502486,True
C07609,Device Upgrade Offer,Device Upgrade Offer,0.9149942166437842,General Offer,0.08500578331334943,Top-up Promo,6.123775815379588e-12,True
C05013,General Offer,General Offer,0.997572717853751,Roaming Pass,0.0008090940392818593,"General Offer""",0.0008090940392818593,True
C01665,Retention Offer,"General Offer""",0.9906947533460335,General Offer,0.009305246613800822,Top-up Promo,5.737951934766788e-12,False
C05540,General Offer,General Offer,0.9991963593820384,Retention Offer,0.0008036405784649112,Top-up Promo,5.642394220523117e-12,True
C03223,General Offer,General Offer,0.9975727178537511,Streaming Partner Pack,0.0008090940392818595,Roaming Pass,0.0008090940392818595,True
C00430,General Offer,General Offer,0.9006738691811975,Device Upgrade Offer,0.07475960970091346,Roaming Pass,0.014194546304599905,True
C06412,General Offer,General Offer,0.9991963593820383,Data Booster,0.0008036405784649111,Top-up Promo,5.642394220523117e-12,True
C05725,Retention Offer,"General Offer""",0.4510075045304677,Device Upgrade Offer,0.43332176802993,General Offer,0.07119124935384821,False
C07181,General Offer,General Offer,0.9959859041715512,Data Booster,0.0032028759737511084,Device Upgrade Offer,0.0008112198205240613,True
C05185,General Offer,General Offer,0.6648525486524383,Device Upgrade Offer,0.3158718268207163,Data Booster,0.013110617924211742,True
C06738,General Offer,General Offer,0.7800699354926109,Device Upgrade Offer,0.2180782034463099,Retention Offer,0.0009259305142871145,True
C07788,Device Upgrade Offer,Device Upgrade Offer,0.6597871353764502,General Offer,0.33603534321134293,Roaming Pass,0.002269286501291506,True
C09700,General Offer,General Offer,0.9434565486707225,Roaming Pass,0.039113576505244045,Data Booster,0.017429874787380718,True
C08888,Data Booster,Data Booster,0.9466743458471446,Device Upgrade Offer,0.027937149639461447,Roaming Pass,0.02364243263640915,True
C05831,General Offer,General Offer,0.9953133169280173,Retention Offer,0.0019362872663978574,"General Offer""",0.0019362872663978574,True
C05523,Voice Bundle,Top-up Promo,0.6793383271319234,General Offer,0.29905342255302825,Data Booster,0.00922514438765778,False
C05907,Top-up Promo,Streaming Partner Pack,0.8408112154866422,General Offer,0.06214667354423766,Top-up Promo,0.05393806462209659,True
C04098,Device Upgrade Offer,Device Upgrade Offer,0.8498811147063621,"General Offer""",0.086586570570742,Data Booster,0.04779232722982268,True
C06564,General Offer,General Offer,0.9199419550823024,Roaming Pass,0.04843104350151623,Family Plan Offer,0.0122665450485989,True
C05645,Retention Offer,"General Offer""",0.9718388923362945,Data Booster,0.01895061434702181,General Offer,0.006343942551190659,False
C03113,Streaming Partner Pack,Roaming Pass,0.8401630193026618,General Offer,0.15802040474287551,"General Offer""",0.0009082879612885236,False
C04507,Retention Offer,"General Offer""",0.8948979824460872,Streaming Partner Pack,0.06719032818653412,General Offer,0.02267429723541991,False
C04511,General Offer,General Offer,0.9934429399758146,Data Booster,0.004616190829487477,"General Offer""",0.001940869160321546,True
C03906,Device Upgrade Offer,Device Upgrade Offer,0.5175219737997683,General Offer,0.3698268786138265,Data Booster,0.06921756051817139,True
C00934,Retention Offer,"General Offer""",0.9930851717256162,General Offer,0.006099087158702095,Device Upgrade Offer,0.0008157410813176431,False
C04671,General Offer,General Offer,0.9328954078747361,Roaming Pass,0.03312889128414715,Family Plan Offer,0.022056950101878185,True
C09845,General Offer,General Offer,0.9999999999550127,Top-up Promo,5.623413251650514e-12,Streaming Partner Pack,5.623413251650514e-12,True
C06305,General Offer,General Offer,0.9991963593820383,Family Plan Offer,0.0008036405784649111,Top-up Promo,5.642394220523117e-12,True
C04174,Retention Offer,"General Offer""",0.93331965408585,General Offer,0.06581559435643819,Family Plan Offer,0.0008647515212831479,False
C03760,General Offer,General Offer,0.991559540770313,Retention Offer,0.003243334947970124,Device Upgrade Offer,0.003243334947970124,True
C09094,General Offer,General Offer,0.9999999999550127,Top-up Promo,5.623413251650514e-12,Streaming Partner Pack,5.623413251650514e-12,True
C02262,General Offer,General Offer,0.9991963593820384,"General Offer""",0.0008036405784649112,Top-up Promo,5.642394220523117e-12,True
C00468,Retention Offer,"General Offer""",0.8751215441570299,Roaming Pass,0.0748291473752029,General Offer,0.03027459557100876,False
C08482,General Offer,General Offer,0.846837060891512,Roaming Pass,0.06822967096926749,Top-up Promo,0.054324622785051783,True
C04009,General Offer,General Offer,0.9493927929856607,Device Upgrade Offer,0.03899557637324868,Data Booster,0.009876743503648812,True
C02930,General Offer,General Offer,0.9591696424126509,Device Upgrade Offer,0.027533232349715938,Data Booster,0.01157629819161187,True
C08408,Device Upgrade Offer,Device Upgrade Offer,0.746606773348781,General Offer,0.2127856632925383,Data Booster,0.026549891975656863,True
C09006,General Offer,General Offer,0.9999999999550127,Top-up Promo,5.623413251650514e-12,Streaming Partner Pack,5.623413251650514e-12,True
C07306,General Offer,General Offer,0.9991963593820383,Data Booster,0.0008036405784649111,Top-up Promo,5.642394220523117e-12,True
C00980,Top-up Promo,Streaming Partner Pack,0.8137236935571281,General Offer,0.18265003778782535,Retention Offer,0.003626268616355468,False
C07171,Device Upgrade Offer,Device Upgrade Offer,0.9652717676727692,General Offer,0.03138592852469897,Data Booster,0.0033423037668704673,True
C03945,Device Upgrade Offer,Device Upgrade Offer,0.9398872365616815,General Offer,0.058060784474156184,Data Booster,0.0020519789278178493,True
C09275,Device Upgrade Offer,Device Upgrade Offer,0.955751080143472,General Offer,0.038541686312643604,Data Booster,0.004849886589866875,True
C08319,General Offer,General Offer,0.8552853479336215,Device Upgrade Offer,0.11009477119248207,Data Booster,0.01679774758653677,True
C06633,General Offer,General Offer,0.9991963593820383,Family Plan Offer,0.0008036405784649111,Top-up Promo,5.642394220523117e-12,True
C01958,General Offer,General Offer,0.9991963593820383,Family Plan Offer,0.0008036405784649111,Top-up Promo,5.642394220523117e-12,True
C09424,Device Upgrade Offer,Device Upgrade Offer,0.7657114870502693,General Offer,0.22162794632090985,Data Booster,0.012660566589179965,True
C08798,General Offer,General Offer,0.9999999999550127,Top-up Promo,5.623413251650514e-12,Streaming Partner Pack,5.623413251650514e-12,True
C04769,General Offer,Device Upgrade Offer,0.5821954793560054,General Offer,0.38465080934442974,Roaming Pass,0.020025122424317563,True
C09226,General Offer,General Offer,0.9939216300347296,Retention Offer,0.006078369925315314,Top-up Promo,5.70789782525533e-12,True
C01026,General Offer,General Offer,0.9999999999550127,Top-up Promo,5.623413251650514e-12,Streaming Partner Pack,5.623413251650514e-12,True
C08535,Device Upgrade Offer,Device Upgrade Offer,0.9550175321964576,General Offer,0.04295416411978302,Roaming Pass,0.0020283036478343625,True
C08921,Data Booster,Data Booster,0.9244984341614799,General Offer,0.05959186704750799,Device Upgrade Offer,0.013803608452013972,True
C00611,General Offer,General Offer,0.7420659072108544,Device Upgrade Offer,0.23388967129814034,Data Booster,0.019281713537313186,True
C00739,General Offer,General Offer,0.9999999999550127,Top-up Promo,5.623413251650514e-12,Streaming Partner Pack,5.623413251650514e-12,True
C06479,General Offer,General Offer,0.9412632653760846,Device Upgrade Offer,0.05787671883805019,Data Booster,0.0008600157496359245,True
C00636,General Offer,General Offer,0.9991963593820384,Retention Offer,0.0008036405784649112,Top-up Promo,5.642394220523117e-12,True
C09672,General Offer,General Offer,0.9647457178059882,Roaming Pass,0.033562137062574104,Retention Offer,0.0008460725508681732,True
C00302,General Offer,General Offer,0.9999999999550127,Top-up Promo,5.623413251650514e-12,Streaming Partner Pack,5.623413251650514e-12,True
C02177,General Offer,General Offer,0.9999999999550127,Top-up Promo,5.623413251650514e-12,Streaming Partner Pack,5.623413251650514e-12,True
C01633,General Offer,General Offer,0.9991963593820384,Retention Offer,0.0008036405784649112,Top-up Promo,5.642394220523117e-12,True
C08876,Roaming Pass,Retention Offer,0.887228780725969,General Offer,0.1021614071032923,Streaming Partner Pack,0.00846564559689184,False
C06214,General Offer,General Offer,0.9991963593820384,Retention Offer,0.0008036405784649112,Top-up Promo,5.642394220523117e-12,True
C09224,Data Booster,Data Booster,0.939882921315718,"General Offer""",0.055828094469378656,Device Upgrade Offer,0.003422211402090841,True
C03900,General Offer,General Offer,0.5443581736193686,Device Upgrade Offer,0.38828691011388977,Roaming Pass,0.05988208981894673,True
C05243,Data Booster,Data Booster,0.9754863950575279,Device Upgrade Offer,0.014944733410231994,General Offer,0.009568871496837035,True
C03781,Data Booster,Data Booster,0.9764950589884984,Device Upgrade Offer,0.020675275984146552,General Offer,0.0019920930469399713,True
C00476,Device Upgrade Offer,Device Upgrade Offer,0.8653387230568864,"General Offer""",0.08049175045032152,Data Booster,0.03263829536854458,True
C03039,General Offer,General Offer,0.9991963593820384,"General Offer""",0.0008036405784649112,Top-up Promo,5.642394220523117e-12,True
C06329,General Offer,General Offer,0.9614500056052586,Family Plan Offer,0.019350845927049456,Roaming Pass,0.008136028486091419,True
C02501,Data Booster,Data Booster,0.977719658943596,Device Upgrade Offer,0.020610449472633345,Roaming Pass,0.0008349457772298243,True
C08734,General Offer,General Offer,0.9642127326857519,Retention Offer,0.02530175134742857,"General Offer""",0.0064083911944198355,True
C07016,General Offer,General Offer,0.9333960517315669,"General Offer""",0.04903272859593817,Streaming Partner Pack,0.017571219635545046,True
C08425,Device Upgrade Offer,Device Upgrade Offer,0.9551028870524165,General Offer,0.04082162655193219,Roaming Pass,0.0020377431827871507,True
C04368,General Offer,General Offer,0.9964465009984514,"General Offer""",0.0019303090296732407,Roaming Pass,0.0008115949716920517,True
C06093,Device Upgrade Offer,Device Upgrade Offer,0.9643883646367709,General Offer,0.035611635321847815,Top-up Promo,5.911612941247552e-12,True
C09724,General Offer,General Offer,0.9980827280717024,"General Offer""",0.0019172718886793763,Top-up Promo,5.659756910892866e-12,True
C05037,Device Upgrade Offer,Device Upgrade Offer,0.9657376024346598,General Offer,0.03140107519844482,Data Booster,0.0020143799131850893,True
C02478,General Offer,General Offer,0.9991963593820384,"General Offer""",0.0008036405784649112,Top-up Promo,5.642394220523117e-12,True
C01475,General Offer,General Offer,0.9770715125051076,Roaming Pass,0.009669766816217932,Top-up Promo,0.0063497402036266385,True
C00946,Device Upgrade Offer,Device Upgrade Offer,0.968914025311812,General Offer,0.031085974646980763,Top-up Promo,5.886747736569543e-12,True
C01614,General Offer,General Offer,0.9657110541520441,Device Upgrade Offer,0.033445805870661094,Family Plan Offer,0.0008431399417764497,True
C09607,General Offer,General Offer,0.9999999999550127,Top-up Promo,5.623413251650514e-12,Streaming Partner Pack,5.623413251650514e-12,True
C05877,General Offer,General Offer,0.9999999999550127,Top-up Promo,5.623413251650514e-12,Streaming Partner Pack,5.623413251650514e-12,True
C08598,General Offer,General Offer,0.9999999999550127,Top-up Promo,5.623413251650514e-12,Streaming Partner Pack,5.623413251650514e-12,True
C09851,General Offer,General Offer,0.9999999999550127,Top-up Promo,5.623413251650514e-12,Streaming Partner Pack,5.623413251650514e-12,True
C09019,General Offer,General Offer,0.944066842284088,Device Upgrade Offer,0.03716962617572989,Data Booster,0.011823966278708619,True
C08811,General Offer,General Offer,0.9999999999550127,Top-up Promo,5.623413251650514e-12,Streaming Partner Pack,5.623413251650514e-12,True
C01950,General Offer,General Offer,0.9980827280717023,Data Booster,0.001917271888679376,Top-up Promo,5.659756910892866e-12,True
C03009,Device Upgrade Offer,Device Upgrade Offer,0.8876377479879435,"General Offer""",0.09165198348763541,Data Booster,0.01620193475832611,True
C06509,General Offer,General Offer,0.9897960441062023,Roaming Pass,0.007733365569155722,"General Offer""",0.0008235301005045996,True
C01461,Device Upgrade Offer,Device Upgrade Offer,0.8530807065958445,"General Offer""",0.11470771289630355,Data Booster,0.025242382469743675,True
C02693,General Offer,General Offer,0.9915014353420393,"General Offer""",0.007680648401462614,Retention Offer,0.0008179162220424486,True
C04170,General Offer,General Offer,0.9999999999550127,Top-up Promo,5.623413251650514e-12,Streaming Partner Pack,5.623413251650514e-12,True
C01505,Device Upgrade Offer,Device Upgrade Offer,0.8015474411328242,General Offer,0.16647469461108316,Data Booster,0.019169000620835385,True
C02709,General Offer,General Offer,0.9964465009984514,Roaming Pass,0.0019303090296732407,"General Offer""",0.0008115949716920517,True
C00691,General Offer,General Offer,0.9723197107407097,Data Booster,0.02483772293545257,Device Upgrade Offer,0.0020011756000944095,True
C09358,General Offer,General Offer,0.9999999999550127,Top-up Promo,5.623413251650514e-12,Streaming Partner Pack,5.623413251650514e-12,True
C09593,General Offer,General Offer,0.9983872809561679,Roaming Pass,0.0008063595049316077,Retention Offer,0.0008063595049316077,True
C05847,Data Booster,Data Booster,0.9842649861719317,General Offer,0.0129322640395582,Device Upgrade Offer,0.0019731446344454463,True
C03705,Device Upgrade Offer,Device Upgrade Offer,0.9429384178434786,General Offer,0.05327183854250858,Data Booster,0.0020586403223465206,True
C09885,General Offer,General Offer,0.8283564076686776,Device Upgrade Offer,0.130277655175697,Family Plan Offer,0.030588430333793434,True
C03737,General Offer,General Offer,0.9475947504628254,Roaming Pass,0.050364926099869874,"General Offer""",0.002040323401166741,True
C08851,General Offer,General Offer,0.9528841658326285,Device Upgrade Offer,0.045406283763001036,Roaming Pass,0.000854775187181769,True
C08771,General Offer,General Offer,0.9793162722993602,"General Offer""",0.013094176256828469,Roaming Pass,0.004751711175006868,True
C03241,General Offer,General Offer,0.5132327394622884,Device Upgrade Offer,0.4528790546254913,Data Booster,0.02008669755878926,True
C03229,General Offer,General Offer,0.9398829213157182,Roaming Pass,0.05582809446937866,Data Booster,0.0034222114020908416,True
C08111,General Offer,General Offer,0.9430303748005557,Device Upgrade Offer,0.04619779433254397,Data Booster,0.009902155429677609,True
C05718,Streaming Partner Pack,Roaming Pass,0.9521249294534263,General Offer,0.04106871906550926,Device Upgrade Offer,0.0034031757254027917,False
C05969,General Offer,General Offer,0.9991963593820384,Retention Offer,0.0008036405784649112,Top-up Promo,5.642394220523117e-12,True
C07479,General Offer,General Offer,0.9991963593820384,Retention Offer,0.0008036405784649112,Top-up Promo,5.642394220523117e-12,True
C03761,General Offer,General Offer,0.9968079659739277,Retention Offer,0.003192033986338065,Top-up Promo,5.676328314049446e-12,True
C08816,General Offer,General Offer,0.9999999999550127,Top-up Promo,5.623413251650514e-12,Streaming Partner Pack,5.623413251650514e-12,True
C05785,General Offer,General Offer,0.9915014353420393,"General Offer""",0.007680648401462614,Roaming Pass,0.0008179162220424486,True
C06351,General Offer,General Offer,0.9991963593820384,Retention Offer,0.0008036405784649112,Top-up Promo,5.642394220523117e-12,True
C06397,General Offer,General Offer,0.9991963593820384,"General Offer""",0.0008036405784649112,Top-up Promo,5.642394220523117e-12,True
C03183,General Offer,General Offer,0.9999999999550127,Top-up Promo,5.623413251650514e-12,Streaming Partner Pack,5.623413251650514e-12,True
C04693,General Offer,General Offer,0.9980827280717024,"General Offer""",0.0019172718886793763,Top-up Promo,5.659756910892866e-12,True
C01566,Data Booster,Data Booster,0.7387478756069433,Device Upgrade Offer,0.13715540597189826,General Offer,0.12409671837978116,True
C06422,General Offer,General Offer,0.5179655527154418,Device Upgrade Offer,0.4578626874563038,Roaming Pass,0.01551033504364195,True
C02830,General Offer,General Offer,0.9972673818032946,Device Upgrade Offer,0.001923771770036698,Roaming Pass,0.0008088463925950758,True
C07416,General Offer,General Offer,0.9991963593820384,Retention Offer,0.0008036405784649112,Top-up Promo,5.642394220523117e-12,True
C04531,Device Upgrade Offer,General Offer,0.5071505581039669,Device Upgrade Offer,0.48175265752878055,Data Booster,0.009148357659352095,True
C01430,Device Upgrade Offer,Device Upgrade Offer,0.8418933564801124,General Offer,0.1448457479660156,Family Plan Offer,0.008684628473148515,True
C02328,Data Booster,Data Booster,0.9460398744814907,Device Upgrade Offer,0.043740010888583,General Offer,0.00815470312049276,True
C06826,Retention Offer,General Offer,0.4866627254038704,"General Offer""",0.3597022918023091,Streaming Partner Pack,0.14061232158176074,False
C05813,Device Upgrade Offer,Device Upgrade Offer,0.9438475453738194,General Offer,0.04623782642386046,Data Booster,0.008173770152909572,True
C08772,General Offer,General Offer,0.9999999999550127,Top-up Promo,5.623413251650514e-12,Streaming Partner Pack,5.623413251650514e-12,True
C05097,General Offer,General Offer,0.9657110541520442,Streaming Partner Pack,0.0334458058706611,"General Offer""",0.0008431399417764498,True
C03892,General Offer,General Offer,0.7154526172065219,Device Upgrade Offer,0.28231288892551565,Roaming Pass,0.0022344938283854294,True
C07692,Streaming Partner Pack,Roaming Pass,0.8124842538369152,General Offer,0.18568163186059292,Retention Offer,0.0009170571351491459,False
C06684,General Offer,General Offer,0.9983872809561679,Roaming Pass,0.0008063595049316077,"General Offer""",0.0008063595049316077,True
C09594,General Offer,Device Upgrade Offer,0.567811903680363,General Offer,0.40968423693499556,Family Plan Offer,0.00929739346866661,True
C06004,Retention Offer,"General Offer""",0.8822790413651369,Streaming Partner Pack,0.09732176356718358,General Offer,0.018234304948977507,False
C00815,Device Upgrade Offer,Device Upgrade Offer,0.9109061864984519,General Offer,0.08078103301410715,Data Booster,0.008312780450149474,True
C01227,General Offer,General Offer,0.9999999999550127,Top-up Promo,5.623413251650514e-12,Streaming Partner Pack,5.623413251650514e-12,True
C08636,General Offer,General Offer,0.9999999999550127,Top-up Promo,5.623413251650514e-12,Streaming Partner Pack,5.623413251650514e-12,True
C09592,General Offer,General Offer,0.7155794274260316,Device Upgrade Offer,0.25967473594469986,Data Booster,0.02378239285712155,True
C00417,General Offer,General Offer,0.9943249737519763,"General Offer""",0.0032247477826229725,Streaming Partner Pack,0.0008167594808209257,True
C00324,General Offer,General Offer,0.9902411741376145,Roaming Pass,0.003252941944487466,"General Offer""",0.003252941944487466,True
C04922,Data Booster,Data Booster,0.8306254545604543,Device Upgrade Offer,0.0934170119612345,General Offer,0.06729716688622,True
C03385,General Offer,General Offer,0.9999999999550127,Top-up Promo,5.623413251650514e-12,Streaming Partner Pack,5.623413251650514e-12,True
C06831,Data Booster,Data Booster,0.9711103010513233,Device Upgrade Offer,0.026891012454494188,General Offer,0.001998686458781956,True
C03415,General Offer,General Offer,0.9999999999550127,Top-up Promo,5.623413251650514e-12,Streaming Partner Pack,5.623413251650514e-12,True
C06563,General Offer,General Offer,0.9478444933317896,Device Upgrade Offer,0.04362065485538666,Data Booster,0.0064750763176407685,True
C09345,Data Booster,Data Booster,0.9644579443301536,Device Upgrade Offer,0.03150053510206571,Roaming Pass,0.002020760268977212,True
C01502,General Offer,Device Upgrade Offer,0.573941164091758,General Offer,0.4036586450039399,Roaming Pass,0.017523984837647152,True
C09640,General Offer,General Offer,0.9806290380557302,Device Upgrade Offer,0.01854081992581424,Data Booster,0.0008301419834847824,True
C08752,General Offer,General Offer,0.9898586489707403,Retention Offer,0.0046588844056720015,"General Offer""",0.0046588844056720015,True
C06439,General Offer,General Offer,0.9959859041715512,"General Offer""",0.0032028759737511084,Retention Offer,0.0008112198205240613,True
C08562,General Offer,General Offer,0.938222725621791,Device Upgrade Offer,0.055990508365525125,Roaming Pass,0.004917471602977646,True
C03689,Device Upgrade Offer,Device Upgrade Offer,0.9755897258453181,Data Booster,0.013101991411366616,General Offer,0.011308282707908462,True
C02300,General Offer,General Offer,0.9999999999550127,Top-up Promo,5.623413251650514e-12,Streaming Partner Pack,5.623413251650514e-12,True
C03643,Retention Offer,"General Offer""",0.9760471905246942,General Offer,0.016919997197014418,Device Upgrade Offer,0.0033347324736509544,False
C06802,Retention Offer,"General Offer""",0.6919037704635624,Device Upgrade Offer,0.25275368336277443,General Offer,0.04735618807639643,False
C07297,General Offer,General Offer,0.9948518197013417,Roaming Pass,0.0032127907968834716,"General Offer""",0.0019353894674954497,True
C09917,Device Upgrade Offer,Device Upgrade Offer,0.8856059347610574,General Offer,0.10780110357619598,"General Offer""",0.003552855018754628,True
C02544,General Offer,General Offer,0.984306806528931,Top-up Promo,0.006257278027892683,Roaming Pass,0.003304262299636661,True
C01943,General Offer,General Offer,0.9991963593820384,"General Offer""",0.0008036405784649112,Top-up Promo,5.642394220523117e-12,True
C01452,General Offer,General Offer,0.9841351763889414,Family Plan Offer,0.009485821201593468,"General Offer""",0.0047127822444240006,True
C08951,Retention Offer,"General Offer""",0.9634709738492379,Streaming Partner Pack,0.02114128949262588,General Offer,0.013350742498758679,False
C07719,Retention Offer,"General Offer""",0.9972673818032946,Device Upgrade Offer,0.001923771770036698,General Offer,0.0008088463925950758,False
C01076,General Offer,General Offer,0.9983872809561679,Roaming Pass,0.0008063595049316077,Retention Offer,0.0008063595049316077,True
C07522,Device Upgrade Offer,Device Upgrade Offer,0.8967073229030003,General Offer,0.06969746745299026,Roaming Pass,0.02479930839940929,True
C01863,General Offer,General Offer,0.9634197608042933,Device Upgrade Offer,0.035735329460556776,"General Offer""",0.0008449096995571388,True
C00658,Data Booster,Data Booster,0.9566600035509589,General Offer,0.027713824692465826,Roaming Pass,0.009860956367448865,True
C04389,Data Booster,Data Booster,0.5515135537760795,General Offer,0.3171755295807853,Roaming Pass,0.12143689325743012,True
C02812,General Offer,General Offer,0.9915014353420393,Streaming Partner Pack,0.007680648401462614,Retention Offer,0.0008179162220424486,True
C02341,Device Upgrade Offer,Device Upgrade Offer,0.8842857978585679,General Offer,0.07124691610351673,Data Booster,0.025350623337206307,True
C05694,General Offer,General Offer,0.9999999999550127,Top-up Promo,5.623413251650514e-12,Streaming Partner Pack,5.623413251650514e-12,True
C01099,Data Booster,Data Booster,0.5888193718441904,Top-up Promo,0.2931145821105826,Device Upgrade Offer,0.0887811445684278,True
C07963,General Offer,General Offer,0.9945845662566776,Roaming Pass,0.004601921274186336,"General Offer""",0.0008135124348659487,True
C02257,General Offer,General Offer,0.9980827280717024,Roaming Pass,0.0019172718886793763,Top-up Promo,5.659756910892866e-12,True
C00875,General Offer,General Offer,0.9999999999550127,Top-up Promo,5.623413251650514e-12,Streaming Partner Pack,5.623413251650514e-12,True
C00868,Top-up Promo,Streaming Partner Pack,0.9786284472234352,General Offer,0.020539481916682173,"General Offer""",0.0008320708248305361,False
C05845,Retention Offer,"General Offer""",0.9972673818032946,General Offer,0.001923771770036698,Streaming Partner Pack,0.0008088463925950758,False
C08503,Device Upgrade Offer,Device Upgrade Offer,0.9262509579631796,General Offer,0.07374904199424387,Top-up Promo,6.0823708502699995e-12,True
C08285,General Offer,General Offer,0.9999999999550127,Top-up Promo,5.623413251650514e-12,Streaming Partner Pack,5.623413251650514e-12,True
C08384,Retention Offer,"General Offer""",0.5139244577812766,Device Upgrade Offer,0.3837754904727635,General Offer,0.09720210431321616,False
C04488,General Offer,General Offer,0.9980827280717024,Roaming Pass,0.0019172718886793763,Top-up Promo,5.659756910892866e-12,True
C03254,General Offer,General Offer,0.971853773920088,Device Upgrade Offer,0.02482582066757896,Data Booster,0.003320405376905345,True
C03517,General Offer,General Offer,0.9991963593820384,Retention Offer,0.0008036405784649112,Top-up Promo,5.642394220523117e-12,True
C02188,Family Plan Offer,Device Upgrade Offer,0.40804583783076626,Family Plan Offer,0.386366223934438,General Offer,0.19948330023957658,True
C05238,Retention Offer,"General Offer""",0.8990908074001025,General Offer,0.09527183253040296,Streaming Partner Pack,0.003518069981894415,False
C04858,General Offer,General Offer,0.9237429733333706,Device Upgrade Offer,0.06440990090220601,Data Booster,0.011847125727329471,True
C06347,General Offer,General Offer,0.9980827280717024,Roaming Pass,0.0019172718886793763,Top-up Promo,5.659756910892866e-12,True
C00542,Device Upgrade Offer,Device Upgrade Offer,0.9452619836318438,General Offer,0.048280582093097574,Data Booster,0.006457434238675456,True
C08830,Top-up Promo,Streaming Partner Pack,0.9881166110838709,General Offer,0.011061256102847403,"General Offer""",0.0008221327786483376,False
C01997,General Offer,General Offer,0.9972673818032946,"General Offer""",0.001923771770036698,Device Upgrade Offer,0.0008088463925950758,True
C00041,General Offer,General Offer,0.9999999999550127,Top-up Promo,5.623413251650514e-12,Streaming Partner Pack,5.623413251650514e-12,True
C02065,Data Booster,Data Booster,0.8064958092328927,General Offer,0.10849768400232077,Device Upgrade Offer,0.05508202641724563,True
C04672,General Offer,General Offer,0.9953133169280172,Retention Offer,0.0019362872663978572,Family Plan Offer,0.0019362872663978572,True
C03523,Roaming Pass,Retention Offer,0.8082526848014941,General Offer,0.1650237400687585,Data Booster,0.016867736723062483,False
C03767,General Offer,General Offer,0.9991963593820384,"General Offer""",0.0008036405784649112,Top-up Promo,5.642394220523117e-12,True
C01728,Device Upgrade Offer,Device Upgrade Offer,0.7805044659137469,General Offer,0.21252899170945672,Data Booster,0.00696654233754475,True
C00025,Device Upgrade Offer,"General Offer""",0.5015138125647918,Device Upgrade Offer,0.43141627453758774,Data Booster,0.03563035583875059,True
C07214,General Offer,General Offer,0.9999999999550127,Top-up Promo,5.623413251650514e-12,Streaming Partner Pack,5.623413251650514e-12,True
C06456,Data Booster,Data Booster,0.845190768060288,General Offer,0.0870539218034061,Device Upgrade Offer,0.05600836189988499,True
C00361,General Offer,General Offer,0.9999999999550127,Top-up Promo,5.623413251650514e-12,Streaming Partner Pack,5.623413251650514e-12,True
C06609,General Offer,General Offer,0.9999999999550127,Top-up Promo,5.623413251650514e-12,Streaming Partner Pack,5.623413251650514e-12,True
C03483,General Offer,General Offer,0.9983872809561679,Retention Offer,0.0008063595049316077,"General Offer""",0.0008063595049316077,True
C05963,Top-up Promo,Streaming Partner Pack,0.7738796770576745,General Offer,0.1577594930002997,Top-up Promo,0.04168674680507039,True
C03021,General Offer,General Offer,0.8388056497530494,Roaming Pass,0.153870550897893,Family Plan Offer,0.003638044559609463,True
C06888,Device Upgrade Offer,Device Upgrade Offer,0.7726988297712913,General Offer,0.22544565043943623,Roaming Pass,0.0009277598783515894,True
C07032,General Offer,General Offer,0.9999999999550127,Top-up Promo,5.623413251650514e-12,Streaming Partner Pack,5.623413251650514e-12,True
C09230,General Offer,General Offer,0.9964465009984514,Roaming Pass,0.0019303090296732407,Top-up Promo,0.0008115949716920517,True
C04684,General Offer,General Offer,0.9999999999550127,Top-up Promo,5.623413251650514e-12,Streaming Partner Pack,5.623413251650514e-12,True
C00631,Retention Offer,"General Offer""",0.9894876846023706,General Offer,0.0077309563286015156,Retention Offer,0.001958085500895151,True
C06896,General Offer,General Offer,0.9991963593820384,Roaming Pass,0.0008036405784649112,Top-up Promo,5.642394220523117e-12,True
C07286,Data Booster,Data Booster,0.9678124200911581,Device Upgrade Offer,0.01895668941295078,General Offer,0.013230890460135997,True
C01277,Device Upgrade Offer,Device Upgrade Offer,0.6188554143623729,General Offer,0.3459061875020003,Data Booster,0.029328693037099014,True
C04207,General Offer,General Offer,0.9999999999550127,Top-up Promo,5.623413251650514e-12,Streaming Partner Pack,5.623413251650514e-12,True
C06905,General Offer,General Offer,0.9881166110838709,"General Offer""",0.011061256102847403,Retention Offer,0.0008221327786483376,True
C07825,General Offer,General Offer,0.9774930735015495,"General Offer""",0.02250692645760402,Top-up Promo,5.835226464962209e-12,True
C04472,General Offer,General Offer,0.9687494632571197,Streaming Partner Pack,0.027065366603306235,"General Offer""",0.0033393774035290905,True
C00953,Retention Offer,"General Offer""",0.6005628013103983,General Offer,0.36314246903473657,Top-up Promo,0.015711818564582685,False
C09543,General Offer,General Offer,0.7830377601064658,Device Upgrade Offer,0.2063187355926813,Data Booster,0.010643504261473868,True
C06588,Device Upgrade Offer,Device Upgrade Offer,0.5958354568021026,General Offer,0.36710807849065213,Data Booster,0.017917252466757735,True
C02619,Roaming Pass,Retention Offer,0.8141656698951641,Device Upgrade Offer,0.12849024222737954,Data Booster,0.04087381143024921,False
C09394,Device Upgrade Offer,Device Upgrade Offer,0.9827158163720766,General Offer,0.009472140362148147,Data Booster,0.007812043230730035,True
C07622,Top-up Promo,Streaming Partner Pack,0.9853581279583375,General Offer,0.014641872001196007,Top-up Promo,5.780936172525238e-12,True
C01012,General Offer,General Offer,0.9677916806437297,"General Offer""",0.027159802574743225,Top-up Promo,0.0033510290967693544,True
C00794,General Offer,General Offer,0.9799470944859393,Device Upgrade Offer,0.007927908847886325,Data Booster,0.004775782879590866,True
C06387,Data Booster,Data Booster,0.9763705208304669,General Offer,0.018787031848976534,Roaming Pass,0.0020006407415264437,True
C05375,Top-up Promo,Streaming Partner Pack,0.9479644392668357,"General Offer""",0.03663319818158878,General Offer,0.015402362515088438,False
C06469,General Offer,General Offer,0.964284680198745,Streaming Partner Pack,0.02730583955661913,"General Offer""",0.006379961547064475,True
C09393,Retention Offer,"General Offer""",0.9797291841628786,General Offer,0.01860480237307625,Streaming Partner Pack,0.0008330067174011258,False
C02428,General Offer,General Offer,0.9696530288557875,Data Booster,0.0249909573318965,"General Offer""",0.0033424920855570452,True
C05150,Data Booster,Data Booster,0.962018003457588,General Offer,0.03376956679885024,Roaming Pass,0.0033611280379237324,True
C08163,Retention Offer,"General Offer""",0.9841471511890316,General Offer,0.01116045533438342,Data Booster,0.004692393441641109,False
C09404,General Offer,General Offer,0.9999999999550127,Top-up Promo,5.623413251650514e-12,Streaming Partner Pack,5.623413251650514e-12,True
C08991,Data Booster,Data Booster,0.936168792339482,Device Upgrade Offer,0.05864751448454968,General Offer,0.0034407544657384316,True
C02856,General Offer,General Offer,0.9714192105984074,Device Upgrade Offer,0.026899566467842577,Roaming Pass,0.0008406114521200805,True
C01951,General Offer,General Offer,0.9999999999550127,Top-up Promo,5.623413251650514e-12,Streaming Partner Pack,5.623413251650514e-12,True
C07456,General Offer,General Offer,0.9999999999550127,Top-up Promo,5.623413251650514e-12,Streaming Partner Pack,5.623413251650514e-12,True
C00711,General Offer,General Offer,0.9968079659739277,Retention Offer,0.003192033986338065,Top-up Promo,5.676328314049446e-12,True
C08244,Top-up Promo,Streaming Partner Pack,0.9881166110838709,General Offer,0.011061256102847403,"General Offer""",0.0008221327786483376,False
C02832,General Offer,General Offer,0.9901279257925115,"General Offer""",0.004660151788229161,Roaming Pass,0.0032525699237095484,True
C04139,General Offer,General Offer,0.9705392524722211,Device Upgrade Offer,0.017127657357896887,Roaming Pass,0.00639248349238243,True
C08076,General Offer,General Offer,0.9959859041715512,Data Booster,0.0032028759737511084,Retention Offer,0.0008112198205240613,True
C02723,General Offer,General Offer,0.9959859041715512,Retention Offer,0.0032028759737511084,Roaming Pass,0.0008112198205240613,True
C07778,Roaming Pass,Retention Offer,0.703985043360339,General Offer,0.2941311900494885,Top-up Promo,0.0009418832785537594,False
C08187,Device Upgrade Offer,Device Upgrade Offer,0.9046774411157302,General Offer,0.08141487684581881,Data Booster,0.01390768200086687,True
C06516,General Offer,General Offer,0.9788233295112571,Roaming Pass,0.011295848801127223,Device Upgrade Offer,0.007883978836508718,True
C05399,Data Booster,Data Booster,0.9018747749717128,General Offer,0.09463082526260458,Device Upgrade Offer,0.0034943997283984726,True
C09411,General Offer,General Offer,0.9999999999550127,Top-up Promo,5.623413251650514e-12,Streaming Partner Pack,5.623413251650514e-12,True
C03695,Device Upgrade Offer,Device Upgrade Offer,0.8174856215150018,General Offer,0.09457051149456612,Data Booster,0.06530139764300004,True
C07165,General Offer,General Offer,0.9999999999550127,Top-up Promo,5.623413251650514e-12,Streaming Partner Pack,5.623413251650514e-12,True
C08326,General Offer,General Offer,0.9934429399758146,Retention Offer,0.004616190829487477,"General Offer""",0.001940869160321546,True
C06534,General Offer,General Offer,0.9991963593820384,Retention Offer,0.0008036405784649112,Top-up Promo,5.642394220523117e-12,True
C00493,General Offer,General Offer,0.949562507609695,Device Upgrade Offer,0.04349824550355806,Data Booster,0.004885251584092412,True
C05686,Voice Bundle,Top-up Promo,0.5810511404942725,General Offer,0.4024767681548226,Data Booster,0.011187472420893825,False
C01843,General Offer,General Offer,0.9972673818032946,Roaming Pass,0.001923771770036698,Data Booster,0.0008088463925950758,True
C04632,General Offer,General Offer,0.9983872809561679,Roaming Pass,0.0008063595049316077,"General Offer""",0.0008063595049316077,True
C05841,Device Upgrade Offer,Device Upgrade Offer,0.8529892732903388,General Offer,0.12876793928398572,Data Booster,0.01639847892573655,True
C08718,General Offer,General Offer,0.9999999999550127,Top-up Promo,5.623413251650514e-12,Streaming Partner Pack,5.623413251650514e-12,True
C01513,General Offer,General Offer,0.9968079659739277,"General Offer""",0.003192033986338065,Top-up Promo,5.676328314049446e-12,True
C05125,General Offer,General Offer,0.9999999999550127,Top-up Promo,5.623413251650514e-12,Streaming Partner Pack,5.623413251650514e-12,True
C07908,Device Upgrade Offer,Device Upgrade Offer,0.9800177935675382,General Offer,0.016692342071746254,Data Booster,0.0032898643256137443,True
C04226,Device Upgrade Offer,Device Upgrade Offer,0.8532716156384402,General Offer,0.14458000610121396,Roaming Pass,0.002148378222294038,True
C06418,Data Booster,Data Booster,0.765258435818728,Device Upgrade Offer,0.16677353768253642,"General Offer""",0.039616862626794466,True
C02367,General Offer,General Offer,0.647889500888725,Device Upgrade Offer,0.3498519799264941,Roaming Pass,0.002258519144778458,True
C00341,Device Upgrade Offer,Device Upgrade Offer,0.8562447366516365,General Offer,0.13338062204150783,Data Booster,0.010374641268471419,True
C01371,Family Plan Offer,Family Plan Offer,0.40537499601394356,"General Offer""",0.2893777986365935,Device Upgrade Offer,0.18607203848924528,True
C01754,Retention Offer,"General Offer""",0.9948518197013417,General Offer,0.0032127907968834716,Streaming Partner Pack,0.0019353894674954497,False
C04071,Device Upgrade Offer,Device Upgrade Offer,0.9183639639456493,General Offer,0.07988520515323536,Retention Offer,0.0008754154351918479,True
C01948,Data Booster,Data Booster,0.9732539222434421,Device Upgrade Offer,0.024751823073897086,General Offer,0.0019942546473386735,True
C01124,General Offer,General Offer,0.9983872809561679,Device Upgrade Offer,0.0008063595049316077,Data Booster,0.0008063595049316077,True
C04264,General Offer,General Offer,0.9999999999550127,Top-up Promo,5.623413251650514e-12,Streaming Partner Pack,5.623413251650514e-12,True
C09265,General Offer,General Offer,0.9842649861719318,Streaming Partner Pack,0.012932264039558201,Retention Offer,0.0019731446344454463,True
C09610,General Offer,General Offer,0.9991963593820384,"General Offer""",0.0008036405784649112,Top-up Promo,5.642394220523117e-12,True
C08242,General Offer,General Offer,0.9303395847108076,Device Upgrade Offer,0.0662249486893682,Roaming Pass,0.003435466563169,True
C09187,General Offer,General Offer,0.9894876846023707,Roaming Pass,0.007730956328601516,Top-up Promo,0.0019580855008951513,True
C07645,General Offer,General Offer,0.9696380655718311,Roaming Pass,0.017111753600881404,Device Upgrade Offer,0.0063865478000653805,True
C06850,General Offer,General Offer,0.9939216300347294,Data Booster,0.006078369925315313,Top-up Promo,5.707897825255329e-12,True
C06662,General Offer,General Offer,0.9769481181658807,"General Offer""",0.016786665327313568,Retention Offer,0.006265216471505648,True
C01961,General Offer,General Offer,0.9999999999550127,Top-up Promo,5.623413251650514e-12,Streaming Partner Pack,5.623413251650514e-12,True
C06542,General Offer,General Offer,0.9701802074021,Device Upgrade Offer,0.028980253273970167,Data Booster,0.0008395392885632286,True
C05421,Device Upgrade Offer,Device Upgrade Offer,0.5133952103709093,Data Booster,0.4179489121626057,General Offer,0.057038332523420436,True
C09313,General Offer,General Offer,0.9648203736469826,Device Upgrade Offer,0.027198217917062402,Data Booster,0.007981408400150134,True
C05183,Device Upgrade Offer,Device Upgrade Offer,0.9223359786527539,General Offer,0.07679316908834866,Data Booster,0.0008708522222116863,True
C08710,General Offer,General Offer,0.9951582562035968,Roaming Pass,0.003213780407953962,Family Plan Offer,0.0008139816799371173,True
C09326,General Offer,General Offer,0.7286462340211026,Device Upgrade Offer,0.26764502953994657,Data Booster,0.0037087363993797136,True
C09895,General Offer,General Offer,0.9954136841446093,Roaming Pass,0.004586315815544418,Top-up Promo,5.692336120608429e-12,True
C06631,General Offer,General Offer,0.9634642397017879,Device Upgrade Offer,0.03366833239454344,Roaming Pass,0.0020186782302072425,True
C09182,General Offer,General Offer,0.9679721643130148,Data Booster,0.0291726902752971,Device Upgrade Offer,0.0020100313173615674,True
C03074,General Offer,General Offer,0.9877290993836629,Roaming Pass,0.006197664327145336,Device Upgrade Offer,0.0032727822690158037,True
C03646,Device Upgrade Offer,Device Upgrade Offer,0.9529843111860137,General Offer,0.04325558971079218,Data Booster,0.0020425370205078377,True
C00567,Data Booster,Data Booster,0.9815227924214093,Device Upgrade Offer,0.01847720753793157,Top-up Promo,5.808464611346175e-12,True
C06219,Device Upgrade Offer,Device Upgrade Offer,0.8663556084027592,General Offer,0.13150767752368364,Data Booster,0.002136714035711811,True
C03649,General Offer,General Offer,0.9991963593820384,Retention Offer,0.0008036405784649112,Top-up Promo,5.642394220523117e-12,True
C08922,General Offer,General Offer,0.9968079659739277,"General Offer""",0.003192033986338065,Top-up Promo,5.676328314049446e-12,True
C03129,General Offer,General Offer,0.9783110728830391,Top-up Promo,0.009639136573436633,Retention Offer,0.006329626576511137,True
C05649,Streaming Partner Pack,Device Upgrade Offer,0.7336518627312241,General Offer,0.16151897550632724,Roaming Pass,0.10247982087184329,False
C07582,Retention Offer,"General Offer""",0.9968079659739277,General Offer,0.003192033986338065,Top-up Promo,5.676328314049446e-12,False
C09824,Device Upgrade Offer,Device Upgrade Offer,0.7705828230225072,General Offer,0.12723350529226163,Data Booster,0.09565047937450225,True
C09101,General Offer,General Offer,0.9991963593820384,Roaming Pass,0.0008036405784649112,Top-up Promo,5.642394220523117e-12,True
C02224,General Offer,General Offer,0.9999999999550127,Top-up Promo,5.623413251650514e-12,Streaming Partner Pack,5.623413251650514e-12,True
C03464,General Offer,General Offer,0.9939216300347296,Roaming Pass,0.006078369925315314,Top-up Promo,5.70789782525533e-12,True
C00995,General Offer,General Offer,0.9393543987041251,Roaming Pass,0.04446152553126077,Data Booster,0.010050718623746254,True
C03272,General Offer,General Offer,0.9879338973320397,Device Upgrade Offer,0.004690083477003999,"General Offer""",0.0032734608549707953,True
C00769,General Offer,General Offer,0.9991963593820384,"General Offer""",0.0008036405784649112,Top-up Promo,5.642394220523117e-12,True
C03807,General Offer,General Offer,0.9983872809561679,Retention Offer,0.0008063595049316077,"General Offer""",0.0008063595049316077,True
C03107,Family Plan Offer,Family Plan Offer,0.7023459618047453,General Offer,0.24619099827339824,Device Upgrade Offer,0.04949762361224471,True
C06956,General Offer,General Offer,0.9991963593820384,Roaming Pass,0.0008036405784649112,Top-up Promo,5.642394220523117e-12,True
C08161,General Offer,General Offer,0.9954136841446093,Family Plan Offer,0.004586315815544418,Top-up Promo,5.692336120608429e-12,True
C05452,General Offer,General Offer,0.9951582562035968,"General Offer""",0.003213780407953962,Top-up Promo,0.0008139816799371173,True
C01128,General Offer,General Offer,0.9968079659739277,"General Offer""",0.003192033986338065,Top-up Promo,5.676328314049446e-12,True
C04605,Device Upgrade Offer,General Offer,0.5266606987988779,Device Upgrade Offer,0.47238403330758066,Retention Offer,0.0009552678532996469,True
C06388,General Offer,General Offer,0.9991963593820384,Retention Offer,0.0008036405784649112,Top-up Promo,5.642394220523117e-12,True
C04656,General Offer,General Offer,0.9999999999550127,Top-up Promo,5.623413251650514e-12,Streaming Partner Pack,5.623413251650514e-12,True
C07431,General Offer,General Offer,0.9972673818032946,"General Offer""",0.001923771770036698,Data Booster,0.0008088463925950758,True
C02352,General Offer,General Offer,0.955373098528618,Roaming Pass,0.021547529968555766,Family Plan Offer,0.015522737131449567,True
C07990,General Offer,General Offer,0.6877605771902677,Device Upgrade Offer,0.19488076646983862,Data Booster,0.07884543117750008,True
C05383,Top-up Promo,Streaming Partner Pack,0.9980827280717024,General Offer,0.0019172718886793763,Top-up Promo,5.659756910892866e-12,True
C05817,General Offer,General Offer,0.972451193349038,Device Upgrade Offer,0.022788538467975742,Data Booster,0.004760268147536859,True
C07009,Streaming Partner Pack,Roaming Pass,0.9540043848654082,General Offer,0.04310443554359845,Retention Offer,0.002035399492517549,False
C01560,Retention Offer,"General Offer""",0.5203457951050031,Device Upgrade Offer,0.411464804221911,General Offer,0.05731601537497464,False
C06091,General Offer,General Offer,0.9945845662566776,"General Offer""",0.004601921274186336,Retention Offer,0.0008135124348659487,True
C03471,General Offer,General Offer,0.9991963593820384,Retention Offer,0.0008036405784649112,Top-up Promo,5.642394220523117e-12,True
C03885,General Offer,General Offer,0.6467526845064268,Device Upgrade Offer,0.34230656964683726,Data Booster,0.010940745806257228,True
C04746,Device Upgrade Offer,Device Upgrade Offer,0.963721001868608,General Offer,0.031476465538416425,Data Booster,0.004802532557211469,True
C05170,General Offer,General Offer,0.997572717853751,Roaming Pass,0.0008090940392818593,"General Offer""",0.0008090940392818593,True
C01671,Device Upgrade Offer,Device Upgrade Offer,0.9375643737082515,General Offer,0.06070635708875046,Family Plan Offer,0.0008646345863224327,True
C06782,General Offer,General Offer,0.9511029055846107,Data Booster,0.013801573399901313,Roaming Pass,0.010080869963264214,True
C09002,General Offer,General Offer,0.9999999999550127,Top-up Promo,5.623413251650514e-12,Streaming Partner Pack,5.623413251650514e-12,True
C04056,General Offer,General Offer,0.9983872809561679,Roaming Pass,0.0008063595049316077,Retention Offer,0.0008063595049316077,True
C07409,General Offer,General Offer,0.9999999999550127,Top-up Promo,5.623413251650514e-12,Streaming Partner Pack,5.623413251650514e-12,True
C05341,Retention Offer,"General Offer""",0.5003665996805393,Device Upgrade Offer,0.3524693163617091,General Offer,0.08275773089245161,False
C02381,General Offer,General Offer,0.9968079659739276,Family Plan Offer,0.003192033986338065,Top-up Promo,5.6763283140494455e-12,True
C09525,General Offer,General Offer,0.9991963593820384,"General Offer""",0.0008036405784649112,Top-up Promo,5.642394220523117e-12,True
C01164,General Offer,General Offer,0.9929093640524822,Roaming Pass,0.00463340294351677,Retention Offer,0.0008190776603326043,True
C03561,General Offer,General Offer,0.9999999999550127,Top-up Promo,5.623413251650514e-12,Streaming Partner Pack,5.623413251650514e-12,True
C04059,General Offer,General Offer,0.9627981730415197,Device Upgrade Offer,0.0211265263321022,Data Booster,0.01521944813314722,True
C05436,Retention Offer,"General Offer""",0.8538379551465601,General Offer,0.1166237493082553,Streaming Partner Pack,0.02953829550629921,False
C01125,General Offer,General Offer,0.9999999999550127,Top-up Promo,5.623413251650514e-12,Streaming Partner Pack,5.623413251650514e-12,True
C06744,General Offer,General Offer,0.9934860079887228,Family Plan Offer,0.0032357785962666636,Top-up Promo,0.0008195533494370087,True
C03208,General Offer,General Offer,0.9999999999550127,Top-up Promo,5.623413251650514e-12,Streaming Partner Pack,5.623413251650514e-12,True
C00134,General Offer,General Offer,0.9991963593820384,Retention Offer,0.0008036405784649112,Top-up Promo,5.642394220523117e-12,True
C07967,Data Booster,Data Booster,0.9825809658949057,Device Upgrade Offer,0.016590848351493766,General Offer,0.0008281857187121719,True
C01941,Top-up Promo,Streaming Partner Pack,0.988976490294749,General Offer,0.01102350966498347,Top-up Promo,5.752531054798397e-12,True
C01133,Data Booster,Data Booster,0.9588056099843876,General Offer,0.038314956097783674,Retention Offer,0.002027130501800573,True
C03849,General Offer,General Offer,0.9991963593820383,Top-up Promo,0.0008036405784649111,Streaming Partner Pack,5.642394220523117e-12,True
C09948,Device Upgrade Offer,Device Upgrade Offer,0.7665665709905681,General Offer,0.22975719308721038,Data Booster,0.0036762358829971918,True
C01897,General Offer,General Offer,0.9931779930467809,Family Plan Offer,0.003234775393253786,Roaming Pass,0.0019486330177146296,True
C08263,General Offer,General Offer,0.9999999999550127,Top-up Promo,5.623413251650514e-12,Streaming Partner Pack,5.623413251650514e-12,True
C06893,Device Upgrade Offer,Device Upgrade Offer,0.7914608102797357,General Offer,0.20159452023925375,Data Booster,0.006944669441882085,True
C06394,Device Upgrade Offer,Device Upgrade Offer,0.9832907142367228,General Offer,0.014738094205598917,Data Booster,0.0019711915227646933,True
C07866,General Offer,General Offer,0.9972673818032946,"General Offer""",0.001923771770036698,Streaming Partner Pack,0.0008088463925950758,True
C00271,General Offer,General Offer,0.9999999999550127,Top-up Promo,5.623413251650514e-12,Streaming Partner Pack,5.623413251650514e-12,True
C08199,Retention Offer,Device Upgrade Offer,0.5092321799480839,"General Offer""",0.38613574250813276,General Offer,0.07666445748218885,False
C09986,General Offer,General Offer,0.9945845662566776,Retention Offer,0.004601921274186336,Streaming Partner Pack,0.0008135124348659487,True
C07294,Data Booster,Data Booster,0.8051125216553671,General Offer,0.1927021910815472,Device Upgrade Offer,0.002185287224380066,True
C00238,General Offer,General Offer,0.9520110119157896,Device Upgrade Offer,0.0410638053748736,Roaming Pass,0.004875350359061209,True
C02437,General Offer,General Offer,0.9804833207359964,Roaming Pass,0.016700271253022963,Retention Offer,0.0019827600658672696,True
C00851,Device Upgrade Offer,Device Upgrade Offer,0.8930825840952686,General Offer,0.10603231866339377,Roaming Pass,0.0008850972040518013,True
C09518,General Offer,General Offer,0.9991963593820384,"General Offer""",0.0008036405784649112,Top-up Promo,5.642394220523117e-12,True
C03143,General Offer,General Offer,0.9999999999550127,Top-up Promo,5.623413251650514e-12,Streaming Partner Pack,5.623413251650514e-12,True
C02561,General Offer,General Offer,0.9999999999550127,Top-up Promo,5.623413251650514e-12,Streaming Partner Pack,5.623413251650514e-12,True
C06077,Data Booster,Data Booster,0.9823668854106641,Device Upgrade Offer,0.011237731638216545,General Offer,0.004724884125079774,True
C03732,General Offer,General Offer,0.9999999999550127,Top-up Promo,5.623413251650514e-12,Streaming Partner Pack,5.623413251650514e-12,True
C08561,General Offer,General Offer,0.9917547331703441,Roaming Pass,0.004647835049784389,Retention Offer,0.0019541739160271318,True
C02643,Data Booster,Data Booster,0.7098593877518977,General Offer,0.2873091805196295,Roaming Pass,0.0009438105673222001,True
C08117,General Offer,General Offer,0.9999999999550127,Top-up Promo,5.623413251650514e-12,Streaming Partner Pack,5.623413251650514e-12,True
C05265,Device Upgrade Offer,Device Upgrade Offer,0.9440009833455606,General Offer,0.0530850763955535,Data Booster,0.00205142307404181,True
C09307,Device Upgrade Offer,Device Upgrade Offer,0.8070511384180956,General Offer,0.17952026432352194,Data Booster,0.00879445717906595,True
C08060,Roaming Pass,Retention Offer,0.6205804152751111,"General Offer""",0.31403082455868014,General Offer,0.0541008062160423,False
C00520,Streaming Partner Pack,Roaming Pass,0.9423604953214632,General Offer,0.03710244419677869,Data Booster,0.017573403561564806,False
C00160,Data Booster,Data Booster,0.9832907142367228,Device Upgrade Offer,0.014738094205598917,General Offer,0.0019711915227646933,True
C04673,Data Booster,Data Booster,0.9806290380557302,Device Upgrade Offer,0.01854081992581424,General Offer,0.0008301419834847824,True
C09560,Device Upgrade Offer,Device Upgrade Offer,0.9603334923624184,General Offer,0.03165019238978716,Data Booster,0.008016315211832917,True
C02470,General Offer,General Offer,0.9951582562035969,Retention Offer,0.0032137804079539626,Streaming Partner Pack,0.0008139816799371174,True
C06451,General Offer,General Offer,0.6394723746753671,Device Upgrade Offer,0.3563392132586993,Roaming Pass,0.002275202452654525,True
C03873,General Offer,General Offer,0.5386411638778568,Device Upgrade Offer,0.4260477109943831,Data Booster,0.022540918694383866,True
C06699,Retention Offer,"General Offer""",0.963744101352245,General Offer,0.01537352751308914,Data Booster,0.009843421437355369,False
C09301,General Offer,General Offer,0.9983872809561679,Roaming Pass,0.0008063595049316077,Retention Offer,0.0008063595049316077,True
C02159,Device Upgrade Offer,Device Upgrade Offer,0.9467181941226188,General Offer,0.04594942387342957,Data Booster,0.006467382151153348,True
C08075,General Offer,General Offer,0.9964465009984514,"General Offer""",0.0019303090296732407,Roaming Pass,0.0008115949716920517,True
C04566,Data Booster,Data Booster,0.9945845662566775,Device Upgrade Offer,0.004601921274186335,General Offer,0.0008135124348659485,True
C08315,Top-up Promo,Streaming Partner Pack,0.9689253596278234,General Offer,0.029071575913123007,"General Offer""",0.002003064423575393,False
C09337,Roaming Pass,Retention Offer,0.8564224258884144,"General Offer""",0.09813137198307745,Device Upgrade Offer,0.030267602946630858,False
C09908,Streaming Partner Pack,Roaming Pass,0.8988888714984742,General Offer,0.0976111495623414,Data Booster,0.0034999789018408133,False
C04578,Retention Offer,"General Offer""",0.9739813425184158,General Offer,0.011441042061234865,Data Booster,0.009682235650876635,False
C01161,General Offer,General Offer,0.9991963593820383,Device Upgrade Offer,0.0008036405784649111,Top-up Promo,5.642394220523117e-12,True
C05485,General Offer,General Offer,0.9991963593820384,"General Offer""",0.0008036405784649112,Top-up Promo,5.642394220523117e-12,True
C09412,Data Booster,Data Booster,0.9834660010845833,Device Upgrade Offer,0.016533998874853153,Top-up Promo,5.794802191479708e-12,True
C03788,General Offer,General Offer,0.9983872809561679,Retention Offer,0.0008063595049316077,"General Offer""",0.0008063595049316077,True
C04457,General Offer,General Offer,0.9878130635316668,Roaming Pass,0.009398311124126837,Device Upgrade Offer,0.001963200981392132,True
C05577,General Offer,General Offer,0.9999999999550127,Top-up Promo,5.623413251650514e-12,Streaming Partner Pack,5.623413251650514e-12,True
C00843,Retention Offer,"General Offer""",0.977600666079676,General Offer,0.018727944829335597,Device Upgrade Offer,0.00199434853423477,False
C03512,Device Upgrade Offer,Device Upgrade Offer,0.7573884503503135,General Offer,0.21515750514869084,Data Booster,0.023668389073447312,True
C03119,Top-up Promo,Streaming Partner Pack,0.9923454828686014,General Offer,0.007654517091337106,Top-up Promo,5.7230864016839745e-12,True
C07461,General Offer,General Offer,0.9999999999550127,Top-up Promo,5.623413251650514e-12,Streaming Partner Pack,5.623413251650514e-12,True
C00007,Device Upgrade Offer,Device Upgrade Offer,0.9094330314820189,General Offer,0.088475103805194,Data Booster,0.00209186467573618,True
C06937,General Offer,General Offer,0.9424869726752023,Roaming Pass,0.05546489433438238,"General Offer""",0.0020481329541390627,True
C09971,General Offer,General Offer,0.9956200378428748,Top-up Promo,0.001936883962726215,Roaming Pass,0.0008143593905094413,True
C09576,General Offer,General Offer,0.9991963593820384,"General Offer""",0.0008036405784649112,Top-up Promo,5.642394220523117e-12,True
C06442,General Offer,General Offer,0.9999999999550127,Top-up Promo,5.623413251650514e-12,Streaming Partner Pack,5.623413251650514e-12,True
C06303,General Offer,General Offer,0.9400144669725982,Device Upgrade Offer,0.053604366271439566,Roaming Pass,0.0034387216996172184,True
C06254,Data Booster,Data Booster,0.9634642397017879,Device Upgrade Offer,0.03366833239454344,Roaming Pass,0.0020186782302072425,True
C08360,General Offer,General Offer,0.997572717853751,Roaming Pass,0.0008090940392818593,"General Offer""",0.0008090940392818593,True
C05557,General Offer,General Offer,0.9991963593820384,Retention Offer,0.0008036405784649112,Top-up Promo,5.642394220523117e-12,True
C06089,Data Booster,Data Booster,0.9844816507671424,General Offer,0.014692148947168323,Device Upgrade Offer,0.0008262002508844629,True
C07987,Retention Offer,"General Offer""",0.9603747173558107,General Offer,0.02973813074910935,Device Upgrade Offer,0.006441173837686314,False
C04334,General Offer,General Offer,0.9814279049873404,Roaming Pass,0.007870301866553684,Family Plan Offer,0.007870301866553684,True
C07215,General Offer,General Offer,0.9827107062872048,Device Upgrade Offer,0.014793581090935575,"General Offer""",0.0008319041994987603,True
